Age,Gender,Marital Status,Education Level,Employment Status,Credit Utilization Ratio,Payment History,Number of Credit Accounts,Loan Amount,Interest Rate,Loan Term,Type of Loan
38,Male,Single,PhD,Employed,0.27,1382.0,6,2873837.0,9.33,42,Personal Loan
60,Male,Married,Master,Employed,0.54,1361.0,7,3668012.0,10.31,23,Personal Loan
50,Female,Married,Bachelor,Employed,0.8,2481.0,3,3490160.0,15.45,51,Personal Loan
45,Female,Single,Master,Unemployed,0.67,1365.0,6,1624677.0,8.65,40,Personal Loan
30,Male,Married,Master,Employed,0.73,1396.0,6,1608621.0,15.72,22,Personal Loan
30,Male,Married,High School,Self-Employed,0.62,2137.0,7,1991335.0,4.62,57,Auto Loan
25,Male,Single,High School,Employed,0.64,1642.0,8,2265257.0,14.2,37,Auto Loan
55,Male,Married,Master,Unemployed,0.77,2171.0,1,2401272.0,15.33,17,Auto Loan
45,Male,Married,Master,Unemployed,0.33,1101.0,6,3209134.0,6.39,41,Auto Loan
49,Male,Married,Master,Unemployed,0.5,1696.0,1,1258502.0,9.79,27,Personal Loan
22,Male,Single,High School,Self-Employed,0.31,1053.0,5,1163538.0,6.11,48,Personal Loan
61,Female,Married,High School,Unemployed,0.97,1097.0,4,2353920.0,13.21,49,Auto Loan
53,Male,Married,High School,Self-Employed,0.89,2482.0,4,3267242.0,11.06,58,Auto Loan
33,Male,Married,High School,Employed,0.09,1210.0,4,1756969.0,12.29,36,Personal Loan
31,Male,Married,High School,Unemployed,0.65,1761.0,6,3086288.0,6.62,35,Auto Loan
32,Female,Single,High School,Employed,0.86,1588.0,4,1965951.0,6.86,46,Auto Loan
36,Male,Married,High School,Employed,0.27,1499.0,7,4047499.0,3.44,21,Auto Loan
43,Male,Married,Bachelor,Employed,0.55,2462.0,4,4100960.0,8.42,38,Auto Loan
40,Male,Married,High School,Employed,0.85,1034.0,2,2078693.0,11.35,38,Personal Loan
36,Female,Single,Master,Employed,0.08,1966.0,7,1873739.0,15.51,18,Auto Loan
46,Female,Married,High School,Employed,0.64,2680.0,4,2409415.0,12.69,33,Auto Loan
30,Female,Single,Bachelor,Employed,0.37,1802.0,5,1906591.0,9.85,50,Personal Loan
36,Female,Single,Master,Self-Employed,0.86,2579.0,6,3185189.0,17.53,50,Auto Loan
38,Female,Married,High School,Employed,0.93,1081.0,4,3755895.0,13.38,19,Personal Loan
41,Female,Married,Master,Unemployed,0.89,1598.0,1,3187498.0,16.96,19,Personal Loan
51,Male,Married,High School,Employed,0.49,1379.0,4,3748398.0,10.96,27,Personal Loan
32,Male,Single,Master,Self-Employed,0.79,2083.0,9,2368476.0,7.56,51,Personal Loan
43,Female,Married,High School,Self-Employed,0.77,2759.0,6,1632977.0,3.75,21,Personal Loan
45,Male,Married,PhD,Unemployed,0.38,1374.0,6,3408839.0,13.48,44,Auto Loan
24,Male,Single,Master,Unemployed,0.75,1950.0,6,2263524.0,5.31,19,Personal Loan
45,Female,Married,High School,Employed,0.09,1293.0,3,3181563.0,8.16,41,Personal Loan
31,Male,Married,Bachelor,Self-Employed,0.57,1810.0,5,1998815.0,11.02,31,Personal Loan
25,Female,Married,High School,Self-Employed,0.31,1662.0,7,1358139.0,11.41,47,Personal Loan
60,Female,Married,Bachelor,Self-Employed,0.21,2716.0,2,4892287.0,11.85,26,Auto Loan
61,Male,Single,Master,Unemployed,0.15,1876.0,4,1632581.0,6.13,41,Auto Loan
52,Female,Married,Bachelor,Employed,0.64,1502.0,4,4839575.0,9.16,26,Auto Loan
36,Male,Married,High School,Self-Employed,0.4,1173.0,5,4713121.0,12.06,44,Auto Loan
27,Male,Single,Bachelor,Employed,0.66,1227.0,9,3620598.0,17.99,51,Personal Loan
48,Male,Married,Bachelor,Unemployed,0.14,1331.0,2,3143264.0,13.5,21,Auto Loan
40,Female,Single,High School,Employed,0.38,1367.0,5,2891175.0,16.79,51,Auto Loan
29,Female,Single,High School,Self-Employed,0.53,2333.0,3,3943164.0,13.98,40,Personal Loan
42,Male,Married,High School,Employed,0.72,1804.0,9,2055312.0,11.74,21,Auto Loan
23,Female,Married,PhD,Employed,0.38,1748.0,2,2570495.0,6.55,34,Auto Loan
57,Male,Single,High School,Unemployed,0.59,1174.0,4,3017361.0,12.69,22,Auto Loan
34,Female,Married,Master,Unemployed,0.81,2356.0,7,2409090.0,12.14,44,Personal Loan
47,Male,Married,High School,Unemployed,0.59,2068.0,6,2455641.0,11.88,46,Auto Loan
36,Female,Single,High School,Employed,0.32,1105.0,5,2175876.0,10.51,19,Personal Loan
43,Male,Married,Master,Employed,0.06,2041.0,4,2850770.0,10.98,36,Personal Loan
44,Male,Single,PhD,Unemployed,0.79,1777.0,4,3867516.0,8.58,48,Personal Loan
32,Male,Married,Master,Self-Employed,0.06,1126.0,3,1783229.0,10.86,55,Personal Loan
61,Female,Married,Bachelor,Self-Employed,0.8,1654.0,3,4346467.0,6.64,37,Personal Loan
51,Male,Married,Master,Employed,0.53,1692.0,5,3240207.0,14.63,56,Personal Loan
59,Female,Single,High School,Self-Employed,0.88,1248.0,3,3743707.0,6.45,37,Auto Loan
56,Male,Married,High School,Employed,0.72,2611.0,4,2826990.0,4.54,32,Auto Loan
45,Male,Single,Master,Unemployed,0.99,2331.0,6,3563995.0,9.86,50,Auto Loan
58,Male,Married,PhD,Employed,0.41,1974.0,9,1078821.0,12.58,36,Personal Loan
27,Female,Married,Bachelor,Employed,0.7,1660.0,6,3722578.0,9.88,35,Personal Loan
32,Male,Married,High School,Unemployed,0.44,1589.0,2,1187685.0,7.81,36,Auto Loan
24,Female,Married,High School,Unemployed,0.49,1945.0,2,4068520.0,11.33,50,Personal Loan
37,Female,Married,High School,Employed,0.59,1780.0,9,4884222.0,8.74,49,Auto Loan
39,Female,Married,PhD,Employed,0.8,1097.0,4,2069114.0,17.03,33,Auto Loan
35,Male,Married,Bachelor,Employed,0.96,1732.0,2,1811475.0,16.79,30,Personal Loan
53,Female,Single,Bachelor,Unemployed,0.7,2232.0,6,3509715.0,10.66,36,Auto Loan
38,Female,Married,High School,Employed,0.45,1655.0,6,1945138.0,8.5,39,Auto Loan
35,Male,Single,Master,Employed,0.45,1081.0,6,3940464.0,13.63,26,Personal Loan
43,Female,Married,Master,Unemployed,0.67,2190.0,3,1441323.0,3.3,48,Personal Loan
30,Male,Married,High School,Unemployed,0.32,1298.0,1,1526364.0,10.33,36,Personal Loan
52,Male,Married,Master,Unemployed,0.2,1377.0,9,4733078.0,8.61,30,Personal Loan
26,Male,Married,High School,Unemployed,0.41,1246.0,3,3189936.0,16.74,20,Personal Loan
63,Male,Married,High School,Self-Employed,0.36,1476.0,6,3850153.0,2.48,26,Personal Loan
51,Male,Married,Bachelor,Self-Employed,0.37,2132.0,6,2158458.0,11.27,56,Personal Loan
32,Male,Married,Bachelor,Self-Employed,0.32,1742.0,6,3198586.0,13.68,29,Auto Loan
20,Female,Single,Master,Unemployed,0.1,1303.0,4,2940575.0,10.45,23,Personal Loan
53,Male,Married,Master,Employed,0.05,2402.0,4,2967599.0,4.55,35,Personal Loan
49,Male,Single,High School,Self-Employed,0.97,2406.0,6,3218476.0,18.07,29,Personal Loan
49,Male,Married,Bachelor,Employed,0.46,2383.0,8,2883863.0,10.85,15,Personal Loan
51,Female,Married,Bachelor,Employed,0.43,1350.0,9,2460141.0,12.02,30,Personal Loan
26,Female,Married,Bachelor,Employed,0.63,1644.0,2,2014757.0,7.24,38,Personal Loan
38,Female,Married,Bachelor,Employed,0.3,2777.0,3,3521914.0,10.43,38,Personal Loan
28,Female,Married,High School,Self-Employed,0.9,2161.0,9,1862058.0,9.77,31,Auto Loan
55,Male,Married,High School,Unemployed,0.71,1043.0,7,3251106.0,4.31,34,Auto Loan
46,Female,Married,Master,Unemployed,0.17,1101.0,8,1884184.0,5.0,57,Personal Loan
37,Male,Married,High School,Unemployed,0.45,1662.0,3,3035736.0,15.15,32,Personal Loan
25,Male,Married,Bachelor,Employed,0.8,2490.0,6,3441854.0,7.28,27,Auto Loan
36,Female,Married,High School,Employed,0.89,1770.0,6,1838198.0,6.6,26,Auto Loan
37,Male,Married,High School,Unemployed,0.49,1710.0,6,1272100.0,10.69,35,Personal Loan
49,Female,Single,High School,Unemployed,0.58,1161.0,4,1544358.0,14.08,46,Auto Loan
46,Female,Single,PhD,Employed,0.26,1954.0,1,2976275.0,3.99,25,Personal Loan
56,Male,Married,High School,Unemployed,0.98,2266.0,6,3862180.0,11.56,44,Personal Loan
41,Male,Single,Master,Employed,0.32,1545.0,3,1208824.0,5.27,13,Auto Loan
29,Male,Single,Master,Employed,0.89,2169.0,5,3395252.0,3.29,33,Auto Loan
49,Female,Married,High School,Employed,0.61,2684.0,9,2208029.0,3.75,47,Auto Loan
51,Female,Married,Master,Employed,0.58,1301.0,4,2601574.0,15.1,30,Personal Loan
44,Male,Single,Bachelor,Self-Employed,0.52,1748.0,7,4307528.0,5.24,39,Personal Loan
51,Male,Married,Master,Self-Employed,0.31,1417.0,3,2180802.0,3.54,25,Personal Loan
42,Female,Single,Bachelor,Employed,0.27,2204.0,6,2563785.0,9.88,45,Personal Loan
43,Female,Married,High School,Unemployed,0.31,1829.0,9,1066868.0,15.26,16,Auto Loan
40,Male,Married,High School,Unemployed,0.28,1918.0,2,1359593.0,7.61,50,Auto Loan
22,Male,Married,PhD,Employed,0.71,2214.0,1,1962175.0,9.68,24,Auto Loan
28,Female,Married,High School,Employed,0.41,1567.0,5,1132840.0,3.39,51,Auto Loan
23,Male,Single,Master,Self-Employed,0.12,2508.0,2,3054539.0,10.01,31,Personal Loan
46,Male,Single,Bachelor,Unemployed,0.93,1762.0,7,2452534.0,11.57,45,Auto Loan
36,Female,Married,High School,Self-Employed,0.81,1236.0,8,2803301.0,11.49,29,Auto Loan
42,Female,Married,Bachelor,Employed,0.86,2020.0,5,1694984.0,8.56,53,Personal Loan
57,Male,Single,High School,Unemployed,0.99,2204.0,3,2074664.0,8.33,21,Auto Loan
34,Male,Married,High School,Employed,0.26,1457.0,5,3157431.0,5.01,23,Personal Loan
39,Male,Married,High School,Employed,0.44,2349.0,7,4595212.0,9.0,36,Auto Loan
50,Male,Married,Bachelor,Unemployed,0.69,2481.0,1,1232067.0,4.86,18,Personal Loan
33,Female,Single,High School,Employed,0.64,1402.0,6,4071132.0,14.05,24,Personal Loan
26,Male,Single,Bachelor,Employed,0.24,2770.0,6,2888408.0,17.89,55,Auto Loan
36,Female,Married,PhD,Employed,0.74,1212.0,6,2849844.0,18.0,58,Auto Loan
31,Female,Married,Master,Employed,0.31,1299.0,3,2664105.0,15.64,32,Personal Loan
58,Male,Single,Master,Unemployed,0.31,1274.0,6,1310851.0,11.86,54,Personal Loan
52,Male,Married,Master,Employed,0.53,2446.0,2,1391886.0,13.13,38,Personal Loan
46,Male,Married,High School,Employed,0.57,1950.0,3,2960792.0,7.93,27,Personal Loan
55,Female,Married,Master,Employed,0.56,1228.0,8,2206982.0,12.23,44,Auto Loan
52,Female,Single,Master,Employed,0.17,1629.0,7,4230874.0,10.09,42,Auto Loan
32,Male,Married,PhD,Unemployed,0.8,1887.0,1,2395940.0,10.41,59,Personal Loan
56,Female,Married,PhD,Employed,0.34,1128.0,3,1587845.0,13.92,27,Auto Loan
43,Female,Married,Bachelor,Unemployed,0.22,2414.0,3,3327088.0,7.88,43,Personal Loan
52,Female,Married,Bachelor,Employed,0.81,2226.0,4,2066987.0,8.37,16,Auto Loan
56,Male,Married,Master,Employed,0.91,1721.0,3,2737032.0,16.84,20,Personal Loan
36,Male,Married,Master,Self-Employed,0.79,2695.0,2,3269495.0,3.84,12,Personal Loan
28,Female,Married,Bachelor,Unemployed,0.73,1597.0,5,4127294.0,10.46,59,Auto Loan
33,Male,Married,High School,Employed,0.61,2772.0,7,3614063.0,16.58,48,Personal Loan
40,Male,Married,PhD,Self-Employed,0.54,1973.0,6,3198184.0,11.97,47,Auto Loan
53,Male,Married,Master,Employed,0.17,1918.0,6,3208923.0,11.19,37,Auto Loan
55,Male,Single,Master,Self-Employed,0.45,1248.0,2,4431785.0,7.43,29,Personal Loan
20,Male,Single,Bachelor,Unemployed,0.42,2412.0,9,2074343.0,8.7,22,Personal Loan
42,Female,Married,PhD,Unemployed,0.34,1611.0,7,1005562.0,15.4,28,Auto Loan
40,Male,Single,High School,Self-Employed,0.66,1243.0,7,2002779.0,11.35,32,Auto Loan
33,Male,Married,Bachelor,Employed,0.5,1020.0,7,1835591.0,10.81,46,Personal Loan
29,Female,Single,Master,Unemployed,0.16,1802.0,8,3151017.0,4.86,38,Personal Loan
37,Male,Married,High School,Employed,0.31,1754.0,5,3061834.0,2.62,18,Auto Loan
59,Male,Married,Bachelor,Employed,0.63,2062.0,3,2938216.0,17.82,13,Personal Loan
37,Female,Married,Master,Employed,0.15,2435.0,6,1079024.0,9.12,19,Personal Loan
43,Female,Married,Master,Employed,0.77,1122.0,7,3376187.0,11.89,33,Personal Loan
49,Female,Single,High School,Unemployed,0.5,2084.0,7,2156117.0,4.42,55,Auto Loan
38,Female,Married,Master,Unemployed,0.49,1278.0,5,3161407.0,12.9,41,Auto Loan
62,Male,Married,Master,Unemployed,0.57,2351.0,2,2828134.0,17.02,48,Auto Loan
61,Female,Married,Master,Employed,0.75,2260.0,4,2212134.0,11.55,35,Auto Loan
34,Male,Single,High School,Employed,0.4,1773.0,8,1557180.0,5.4,31,Auto Loan
42,Female,Married,PhD,Self-Employed,0.63,2046.0,6,1409357.0,11.62,20,Personal Loan
36,Male,Married,Master,Employed,0.55,1454.0,5,3779997.0,14.04,51,Auto Loan
35,Female,Single,Bachelor,Unemployed,0.34,1672.0,3,4238108.0,9.49,47,Personal Loan
23,Female,Married,Master,Unemployed,0.8,2265.0,4,3112493.0,15.91,23,Auto Loan
46,Female,Married,High School,Unemployed,0.72,1655.0,8,1443547.0,12.46,37,Personal Loan
42,Male,Single,Master,Unemployed,0.62,1514.0,6,2382887.0,16.29,36,Personal Loan
24,Male,Married,Master,Self-Employed,0.77,1705.0,7,3376756.0,12.14,41,Auto Loan
35,Female,Married,Master,Employed,0.79,2280.0,5,3565180.0,5.5,56,Auto Loan
57,Female,Married,Master,Self-Employed,0.65,1483.0,6,1498307.0,8.26,39,Personal Loan
34,Male,Single,Master,Employed,0.76,1259.0,3,1000153.0,6.71,38,Auto Loan
30,Female,Married,High School,Employed,0.64,2049.0,6,3318189.0,16.49,16,Personal Loan
42,Female,Single,Master,Employed,0.63,2275.0,5,2252318.0,13.96,17,Personal Loan
63,Male,Single,High School,Unemployed,0.59,1154.0,5,1949600.0,12.81,24,Auto Loan
34,Female,Married,High School,Employed,0.69,1351.0,6,1063120.0,8.14,14,Personal Loan
48,Male,Single,PhD,Employed,0.25,1214.0,9,2780293.0,6.42,45,Auto Loan
51,Male,Married,Master,Employed,0.81,1500.0,2,3870249.0,13.9,45,Personal Loan
34,Male,Married,Master,Self-Employed,0.8,1643.0,7,4527084.0,10.32,21,Auto Loan
49,Female,Single,Master,Self-Employed,0.07,2116.0,4,2855257.0,7.08,49,Auto Loan
38,Female,Single,PhD,Unemployed,0.75,1945.0,5,2705083.0,12.05,22,Personal Loan
46,Male,Married,Master,Unemployed,0.22,1896.0,1,1373153.0,3.4,29,Personal Loan
46,Female,Married,Bachelor,Employed,0.39,1506.0,4,2805439.0,8.47,27,Auto Loan
43,Female,Married,High School,Employed,0.68,2311.0,5,2319690.0,10.25,31,Auto Loan
27,Female,Married,PhD,Self-Employed,0.25,1672.0,1,2979749.0,5.81,27,Personal Loan
54,Male,Married,Bachelor,Employed,0.74,2749.0,5,2344793.0,18.46,36,Personal Loan
37,Female,Married,Bachelor,Employed,0.76,1917.0,8,1905869.0,6.82,33,Personal Loan
32,Male,Married,High School,Employed,0.51,1191.0,2,1411448.0,5.48,58,Personal Loan
24,Male,Married,High School,Employed,0.02,1987.0,7,2130830.0,6.73,16,Personal Loan
45,Male,Married,High School,Employed,0.36,1469.0,4,1417858.0,14.08,22,Personal Loan
48,Male,Single,High School,Unemployed,0.59,2004.0,6,1702486.0,9.73,16,Auto Loan
21,Female,Single,Bachelor,Employed,0.95,1108.0,3,4826379.0,11.42,41,Auto Loan
43,Male,Married,High School,Unemployed,0.6,1260.0,3,2503092.0,2.8,16,Auto Loan
33,Female,Married,High School,Employed,0.34,2345.0,3,2755672.0,3.23,49,Auto Loan
47,Male,Married,High School,Employed,0.6,1334.0,2,3981407.0,9.97,37,Auto Loan
31,Male,Married,High School,Employed,0.53,2300.0,3,4932405.0,14.81,37,Personal Loan
48,Female,Married,High School,Unemployed,0.71,1406.0,6,2905867.0,16.01,38,Auto Loan
39,Female,Single,Bachelor,Employed,0.19,1931.0,8,3697451.0,4.58,23,Auto Loan
59,Male,Married,Master,Unemployed,0.69,2017.0,7,2166102.0,11.09,24,Auto Loan
29,Male,Married,High School,Unemployed,0.54,1732.0,6,2103765.0,16.58,29,Personal Loan
37,Male,Married,Master,Unemployed,0.92,1442.0,2,2384822.0,9.26,40,Auto Loan
28,Male,Married,Master,Employed,0.4,1313.0,4,3185591.0,15.02,25,Auto Loan
58,Female,Married,High School,Employed,0.6,1052.0,4,3217351.0,5.54,20,Auto Loan
56,Female,Single,Master,Employed,0.87,1440.0,3,2131774.0,17.09,57,Personal Loan
34,Male,Married,Bachelor,Unemployed,0.19,1948.0,5,1552326.0,13.83,14,Auto Loan
47,Female,Married,Bachelor,Employed,0.88,2584.0,5,3057725.0,17.23,48,Auto Loan
53,Female,Married,Bachelor,Self-Employed,0.64,2384.0,4,1534884.0,12.81,47,Personal Loan
44,Male,Single,High School,Self-Employed,0.14,2150.0,4,2893224.0,8.95,29,Auto Loan
43,Male,Married,PhD,Employed,0.37,2195.0,7,3254680.0,17.15,21,Personal Loan
34,Female,Married,Bachelor,Employed,0.65,1968.0,7,3278876.0,7.79,22,Auto Loan
27,Female,Single,PhD,Unemployed,0.14,1380.0,4,3465312.0,8.55,44,Auto Loan
57,Male,Married,High School,Employed,0.56,2484.0,8,3977493.0,13.13,41,Personal Loan
57,Male,Married,PhD,Employed,0.4,1977.0,9,2663183.0,14.03,47,Personal Loan
46,Male,Married,Bachelor,Self-Employed,0.59,1803.0,4,3381389.0,16.95,55,Auto Loan
37,Female,Married,Bachelor,Employed,0.1,1169.0,4,3016691.0,6.75,43,Personal Loan
37,Male,Married,High School,Self-Employed,0.8,1638.0,5,1734721.0,14.52,22,Personal Loan
49,Male,Married,Bachelor,Unemployed,0.94,1657.0,9,1122969.0,13.65,26,Auto Loan
57,Female,Married,PhD,Unemployed,0.93,2367.0,8,2040659.0,4.04,50,Personal Loan
56,Female,Married,Master,Employed,0.68,1782.0,2,2500036.0,9.25,25,Personal Loan
51,Female,Married,Master,Employed,0.22,1545.0,4,3010321.0,7.89,17,Auto Loan
47,Male,Married,PhD,Unemployed,0.69,2738.0,5,3864604.0,8.19,44,Personal Loan
27,Male,Married,Master,Employed,0.06,1168.0,5,1766117.0,18.4,33,Personal Loan
31,Male,Single,Master,Employed,0.06,1604.0,3,1524903.0,12.38,54,Auto Loan
57,Male,Married,Master,Employed,0.39,1066.0,8,4578560.0,13.36,42,Auto Loan
45,Female,Married,PhD,Employed,0.5,2100.0,6,1460792.0,18.2,19,Auto Loan
21,Male,Married,High School,Employed,0.7,2517.0,7,2601467.0,9.13,56,Auto Loan
28,Male,Married,Master,Unemployed,0.63,1407.0,8,2914420.0,14.58,27,Auto Loan
47,Male,Married,Master,Employed,0.47,2352.0,7,2783440.0,9.84,30,Personal Loan
20,Male,Married,Bachelor,Employed,0.35,1424.0,5,1376961.0,15.72,33,Personal Loan
31,Female,Married,Master,Unemployed,0.99,2495.0,6,1259952.0,6.37,16,Personal Loan
44,Male,Married,PhD,Self-Employed,0.46,2126.0,3,1451232.0,17.39,36,Personal Loan
48,Male,Single,PhD,Employed,0.48,2229.0,6,2914492.0,6.97,20,Auto Loan
47,Male,Married,High School,Employed,0.25,1029.0,3,2792145.0,8.47,33,Auto Loan
33,Male,Married,Master,Unemployed,0.72,2677.0,6,1885458.0,13.9,31,Personal Loan
49,Male,Married,High School,Self-Employed,0.64,2075.0,3,3074559.0,9.33,47,Auto Loan
34,Female,Married,High School,Unemployed,0.31,1441.0,2,3729830.0,11.95,48,Personal Loan
37,Female,Married,Master,Unemployed,0.16,2283.0,3,1193982.0,9.96,22,Personal Loan
50,Female,Married,PhD,Employed,0.63,1409.0,1,2657912.0,13.7,31,Auto Loan
47,Female,Married,Bachelor,Unemployed,0.61,2388.0,7,3240948.0,7.11,32,Personal Loan
54,Female,Single,High School,Employed,0.35,1171.0,7,1942945.0,3.9,22,Personal Loan
47,Female,Single,High School,Unemployed,0.9,2034.0,5,2109756.0,8.13,48,Personal Loan
44,Male,Married,Master,Unemployed,0.24,1773.0,3,2999658.0,10.32,44,Personal Loan
27,Male,Married,Master,Self-Employed,0.46,1148.0,2,4113813.0,6.16,24,Auto Loan
38,Male,Single,High School,Employed,0.89,1354.0,1,3686729.0,8.84,31,Auto Loan
35,Female,Married,Bachelor,Employed,0.45,1020.0,3,2907114.0,9.41,19,Personal Loan
34,Female,Married,PhD,Unemployed,0.6,1669.0,8,3381292.0,3.87,41,Personal Loan
62,Female,Married,Master,Unemployed,0.44,1436.0,3,2276071.0,11.64,20,Auto Loan
39,Male,Married,Bachelor,Unemployed,0.35,1861.0,4,3084590.0,16.0,58,Auto Loan
56,Female,Married,High School,Employed,0.96,1430.0,2,2566203.0,5.87,47,Personal Loan
46,Male,Married,Bachelor,Employed,0.45,1434.0,3,1745536.0,11.82,32,Personal Loan
52,Male,Married,Master,Unemployed,0.82,2106.0,5,3282690.0,12.66,39,Auto Loan
42,Male,Married,High School,Employed,0.31,1075.0,6,2827798.0,9.65,53,Auto Loan
44,Male,Single,PhD,Self-Employed,0.3,2471.0,3,2258172.0,13.14,38,Personal Loan
42,Male,Married,Master,Employed,0.08,2337.0,1,4193664.0,9.54,23,Auto Loan
32,Male,Married,Bachelor,Unemployed,0.61,1972.0,4,1101018.0,10.69,32,Personal Loan
49,Male,Married,High School,Unemployed,0.42,1853.0,3,2133344.0,2.3,50,Personal Loan
35,Female,Single,High School,Unemployed,0.79,2441.0,3,1259343.0,13.01,41,Personal Loan
22,Female,Single,High School,Employed,0.49,1275.0,9,3514118.0,12.62,42,Auto Loan
47,Female,Married,Master,Self-Employed,0.93,1122.0,6,3283941.0,3.35,51,Personal Loan
31,Male,Married,Master,Employed,0.27,1351.0,5,2178994.0,9.01,52,Personal Loan
59,Female,Single,High School,Unemployed,0.79,2207.0,5,3195898.0,18.28,54,Personal Loan
60,Female,Married,Master,Employed,0.71,1054.0,5,2365455.0,9.67,19,Auto Loan
58,Male,Married,Master,Employed,0.7,1837.0,5,3475606.0,10.65,38,Personal Loan
38,Male,Married,Bachelor,Employed,0.77,2831.0,6,2531890.0,16.51,45,Personal Loan
21,Male,Married,Master,Employed,0.69,2345.0,6,2412203.0,13.36,46,Personal Loan
58,Male,Married,PhD,Self-Employed,0.59,1745.0,3,4348582.0,11.63,40,Auto Loan
40,Female,Married,Master,Employed,0.22,1099.0,5,1938543.0,14.52,23,Personal Loan
61,Female,Married,Master,Unemployed,0.08,2287.0,4,1506430.0,15.62,48,Personal Loan
61,Male,Single,High School,Self-Employed,0.85,1862.0,8,2911354.0,10.11,44,Personal Loan
54,Female,Single,High School,Employed,0.59,1175.0,6,4633052.0,10.33,18,Auto Loan
36,Female,Single,High School,Unemployed,0.72,1144.0,5,2313542.0,9.24,35,Personal Loan
39,Female,Single,Master,Employed,0.5,2491.0,2,1280764.0,17.9,23,Auto Loan
54,Male,Married,High School,Employed,0.2,1975.0,6,2202173.0,13.09,30,Auto Loan
36,Female,Married,High School,Employed,0.21,2283.0,2,2680416.0,4.5,13,Auto Loan
31,Male,Married,Bachelor,Self-Employed,0.64,2405.0,4,1652113.0,15.6,33,Personal Loan
44,Female,Single,High School,Employed,0.46,1820.0,2,3139026.0,10.4,38,Auto Loan
59,Male,Married,High School,Unemployed,0.29,1739.0,6,4963045.0,4.16,41,Personal Loan
48,Male,Single,High School,Unemployed,0.5,1615.0,3,2524905.0,11.23,42,Personal Loan
44,Female,Married,Bachelor,Self-Employed,0.13,1458.0,4,2246917.0,9.62,49,Auto Loan
27,Male,Single,High School,Employed,0.56,1621.0,8,2379101.0,15.87,25,Personal Loan
46,Male,Married,Master,Unemployed,0.35,2165.0,3,1487054.0,6.74,20,Personal Loan
63,Male,Married,Master,Unemployed,0.72,1866.0,5,4032279.0,14.97,50,Personal Loan
30,Female,Single,Master,Unemployed,0.38,2442.0,5,2419479.0,11.33,22,Auto Loan
43,Male,Married,Master,Self-Employed,0.48,1633.0,1,2340629.0,3.8,57,Personal Loan
56,Female,Single,Bachelor,Self-Employed,0.03,1874.0,7,3144122.0,18.05,50,Auto Loan
50,Male,Married,High School,Employed,0.15,1913.0,2,2497179.0,10.78,36,Auto Loan
48,Male,Married,High School,Employed,0.44,1850.0,5,3107558.0,8.0,58,Auto Loan
49,Male,Married,High School,Employed,0.49,2032.0,5,1278325.0,10.26,19,Personal Loan
38,Male,Married,High School,Employed,0.57,1348.0,6,3702733.0,15.51,29,Auto Loan
36,Male,Married,High School,Employed,0.36,1732.0,6,4390634.0,8.19,41,Personal Loan
52,Male,Married,High School,Employed,0.64,1159.0,3,3109245.0,6.56,31,Personal Loan
52,Female,Married,Master,Employed,0.78,1551.0,1,4501194.0,5.46,54,Personal Loan
55,Female,Married,Master,Self-Employed,0.71,1696.0,7,1616172.0,8.1,17,Personal Loan
57,Male,Married,High School,Employed,0.09,1947.0,5,2598384.0,14.25,38,Personal Loan
42,Male,Married,Bachelor,Self-Employed,0.49,2629.0,7,2963512.0,10.29,40,Personal Loan
42,Female,Single,High School,Employed,0.19,1864.0,7,2902936.0,7.1,42,Personal Loan
52,Male,Married,High School,Unemployed,0.32,2107.0,8,2381269.0,6.12,27,Personal Loan
47,Male,Married,Master,Self-Employed,0.97,1723.0,5,2198620.0,8.56,31,Auto Loan
48,Female,Married,High School,Employed,0.23,1917.0,4,1529491.0,17.2,50,Auto Loan
52,Female,Married,High School,Employed,0.51,1110.0,7,2353438.0,8.69,24,Auto Loan
56,Female,Married,Master,Employed,0.59,1371.0,5,1654620.0,18.57,49,Personal Loan
37,Male,Single,PhD,Employed,0.65,1519.0,3,3396016.0,10.45,38,Personal Loan
38,Male,Single,Bachelor,Self-Employed,0.55,1674.0,8,1806714.0,6.34,46,Auto Loan
27,Female,Married,High School,Self-Employed,0.03,1071.0,8,1266371.0,16.13,44,Personal Loan
45,Male,Married,Bachelor,Employed,0.39,1211.0,5,2815716.0,10.15,25,Auto Loan
23,Male,Single,Bachelor,Employed,0.52,1402.0,2,2943563.0,13.25,39,Personal Loan
41,Male,Married,Master,Employed,0.17,2714.0,4,3972630.0,18.43,51,Auto Loan
43,Male,Married,Bachelor,Employed,0.41,1477.0,7,2888708.0,3.68,34,Personal Loan
35,Female,Married,Master,Unemployed,0.08,1688.0,8,2220120.0,4.8,57,Personal Loan
45,Female,Married,High School,Employed,0.16,1290.0,3,3658017.0,13.4,34,Auto Loan
23,Female,Single,Master,Unemployed,0.44,1880.0,2,2780233.0,7.88,22,Personal Loan
23,Male,Married,Master,Employed,0.22,1408.0,8,1350441.0,6.43,32,Personal Loan
53,Male,Married,Master,Employed,0.55,1306.0,4,2855570.0,3.38,56,Personal Loan
38,Male,Married,Master,Unemployed,0.64,1738.0,5,4173354.0,2.82,29,Auto Loan
29,Male,Single,PhD,Employed,0.73,1009.0,9,2366530.0,14.16,51,Personal Loan
43,Female,Single,PhD,Self-Employed,0.29,1012.0,2,2075835.0,5.56,52,Personal Loan
51,Male,Married,Bachelor,Self-Employed,0.26,1322.0,6,1588503.0,10.24,31,Personal Loan
33,Male,Married,Bachelor,Employed,0.19,1058.0,2,1616217.0,11.92,18,Personal Loan
46,Male,Married,PhD,Employed,0.6,1164.0,4,2470732.0,9.76,45,Auto Loan
27,Female,Single,High School,Self-Employed,0.65,1488.0,7,2944925.0,3.0,29,Personal Loan
24,Male,Single,High School,Self-Employed,0.08,2224.0,5,1355717.0,14.3,47,Personal Loan
43,Male,Married,Master,Self-Employed,0.88,1820.0,9,4383702.0,2.42,34,Personal Loan
43,Male,Single,Bachelor,Employed,0.11,1732.0,5,3471454.0,13.98,36,Personal Loan
46,Female,Married,Master,Self-Employed,0.54,1425.0,4,2917607.0,16.17,47,Personal Loan
49,Male,Married,Bachelor,Employed,0.65,2562.0,3,3766339.0,9.82,32,Personal Loan
62,Female,Married,High School,Unemployed,0.79,1568.0,4,1354025.0,11.06,34,Personal Loan
43,Female,Married,High School,Self-Employed,0.66,1134.0,4,2596729.0,10.35,32,Auto Loan
37,Male,Married,Bachelor,Employed,0.73,1890.0,2,3050542.0,9.28,31,Personal Loan
52,Female,Married,High School,Self-Employed,0.4,1173.0,4,3767285.0,16.06,37,Auto Loan
35,Male,Married,High School,Employed,0.74,1497.0,5,3579455.0,16.18,48,Personal Loan
40,Female,Married,High School,Self-Employed,0.16,1724.0,7,2018212.0,8.6,31,Personal Loan
26,Male,Married,High School,Employed,0.82,2392.0,6,4393436.0,12.03,37,Personal Loan
22,Male,Married,Bachelor,Self-Employed,0.54,1704.0,6,1520560.0,16.89,42,Personal Loan
61,Male,Married,High School,Employed,0.74,2031.0,1,3989255.0,17.77,27,Auto Loan
54,Male,Married,Master,Unemployed,0.48,2817.0,3,4648754.0,10.74,28,Auto Loan
48,Female,Married,High School,Unemployed,0.61,1199.0,6,1703340.0,10.06,55,Auto Loan
39,Male,Single,Bachelor,Employed,0.53,1399.0,5,3352609.0,7.84,45,Auto Loan
31,Female,Single,High School,Employed,0.67,1565.0,1,1188328.0,17.69,39,Personal Loan
30,Male,Single,Master,Unemployed,0.16,1603.0,7,2392600.0,5.71,42,Personal Loan
34,Female,Married,Bachelor,Employed,0.13,1588.0,7,2710362.0,11.6,14,Auto Loan
44,Male,Married,High School,Unemployed,0.33,2485.0,5,2899666.0,7.89,41,Auto Loan
49,Male,Married,Bachelor,Employed,0.25,2052.0,2,4357232.0,7.84,37,Personal Loan
47,Male,Married,Master,Self-Employed,0.8,1876.0,7,3184755.0,9.47,38,Personal Loan
35,Female,Married,Master,Employed,0.3,1447.0,6,2609461.0,18.95,31,Personal Loan
60,Male,Married,High School,Employed,0.94,2270.0,7,3685684.0,3.81,18,Auto Loan
50,Male,Single,PhD,Employed,0.4,2646.0,7,4468176.0,11.58,24,Personal Loan
44,Male,Married,Bachelor,Employed,0.27,2264.0,7,1106274.0,4.49,56,Personal Loan
46,Female,Single,High School,Employed,0.72,1002.0,5,4770237.0,5.92,33,Personal Loan
40,Male,Single,High School,Employed,0.62,1921.0,2,1377351.0,9.9,35,Auto Loan
34,Female,Married,Bachelor,Self-Employed,0.51,1080.0,6,3705544.0,10.76,16,Personal Loan
38,Male,Single,Master,Unemployed,0.54,1376.0,6,2028036.0,7.56,15,Auto Loan
50,Female,Married,Bachelor,Unemployed,0.66,1092.0,7,1548659.0,8.35,44,Personal Loan
21,Female,Single,Master,Employed,0.31,1869.0,3,2490960.0,4.59,38,Auto Loan
28,Male,Married,Bachelor,Unemployed,0.99,2004.0,3,3094022.0,8.17,37,Auto Loan
24,Male,Single,High School,Employed,0.94,1174.0,8,2322484.0,17.9,26,Personal Loan
24,Male,Married,High School,Unemployed,0.61,1550.0,7,1249626.0,17.31,45,Personal Loan
54,Male,Single,Master,Employed,0.29,1651.0,8,2956386.0,8.59,23,Personal Loan
49,Male,Married,PhD,Employed,0.63,1529.0,7,4139817.0,11.49,24,Personal Loan
41,Female,Married,High School,Employed,0.15,1183.0,6,2328983.0,16.51,35,Auto Loan
27,Male,Single,Master,Self-Employed,0.08,1599.0,6,1830643.0,2.25,28,Personal Loan
42,Female,Single,Master,Employed,0.34,2121.0,8,2498733.0,14.72,26,Personal Loan
41,Male,Married,Master,Unemployed,0.48,1110.0,6,1223299.0,17.41,42,Personal Loan
31,Female,Married,Bachelor,Employed,0.79,1123.0,6,3731641.0,4.69,42,Personal Loan
40,Male,Married,Bachelor,Unemployed,0.67,1510.0,3,3757106.0,6.04,49,Auto Loan
39,Male,Single,High School,Self-Employed,0.68,2597.0,5,2921748.0,17.74,33,Personal Loan
46,Male,Single,PhD,Employed,0.46,1974.0,7,2242212.0,11.08,17,Auto Loan
46,Male,Single,Bachelor,Employed,0.4,1991.0,4,3644779.0,2.56,28,Auto Loan
24,Male,Married,Bachelor,Self-Employed,0.42,1520.0,3,2822555.0,7.54,58,Personal Loan
38,Female,Married,Master,Unemployed,0.97,1853.0,4,3755315.0,10.02,40,Personal Loan
46,Female,Married,Bachelor,Employed,0.09,1016.0,3,3054799.0,13.03,44,Auto Loan
42,Male,Single,High School,Unemployed,0.79,1920.0,3,3583135.0,13.57,12,Personal Loan
54,Male,Married,High School,Unemployed,0.56,2503.0,5,2953661.0,18.83,37,Personal Loan
47,Male,Single,Bachelor,Employed,0.47,1883.0,8,2417522.0,7.96,15,Personal Loan
31,Male,Married,High School,Self-Employed,0.66,2391.0,5,4529778.0,11.09,39,Personal Loan
26,Male,Married,High School,Employed,0.5,2070.0,3,2782677.0,11.03,54,Auto Loan
47,Female,Married,Bachelor,Employed,0.8,1183.0,2,2973507.0,9.48,57,Personal Loan
22,Female,Married,Bachelor,Unemployed,0.83,2470.0,6,1843814.0,6.17,38,Personal Loan
45,Female,Married,High School,Employed,0.46,1103.0,4,3036731.0,18.23,35,Auto Loan
59,Male,Married,Bachelor,Employed,0.35,1763.0,7,2872681.0,15.43,55,Auto Loan
44,Female,Married,Master,Unemployed,0.57,1214.0,6,1728791.0,10.61,43,Personal Loan
39,Female,Single,Master,Self-Employed,0.84,1019.0,7,1270621.0,11.89,17,Auto Loan
47,Male,Married,Bachelor,Self-Employed,0.3,1603.0,4,2971282.0,7.1,35,Personal Loan
41,Male,Married,Master,Self-Employed,0.59,1427.0,6,3503411.0,11.16,26,Auto Loan
44,Female,Married,High School,Self-Employed,0.6,1693.0,3,2731017.0,13.06,35,Personal Loan
59,Male,Married,High School,Employed,0.67,1828.0,9,1863631.0,10.81,35,Personal Loan
39,Male,Single,Master,Employed,0.22,1068.0,6,3166149.0,18.65,39,Auto Loan
61,Male,Married,Master,Self-Employed,0.66,1186.0,4,1353705.0,11.99,31,Personal Loan
57,Female,Single,Bachelor,Employed,0.84,1800.0,3,2496609.0,9.05,23,Auto Loan
32,Male,Married,Bachelor,Unemployed,0.27,1494.0,3,1657016.0,14.13,36,Personal Loan
26,Female,Married,Master,Unemployed,0.32,2080.0,6,1727540.0,6.2,49,Auto Loan
28,Female,Married,Bachelor,Employed,0.93,1947.0,3,1785701.0,9.22,42,Auto Loan
22,Female,Married,High School,Self-Employed,0.27,2321.0,6,2339002.0,8.74,30,Personal Loan
27,Male,Married,High School,Unemployed,0.78,2014.0,3,1235186.0,9.8,55,Auto Loan
48,Female,Single,Bachelor,Employed,0.5,1614.0,6,2370770.0,14.27,53,Personal Loan
26,Male,Married,High School,Self-Employed,0.33,1981.0,7,2697112.0,10.44,25,Auto Loan
37,Male,Married,High School,Employed,0.79,1400.0,7,2615248.0,14.46,15,Personal Loan
54,Male,Married,Master,Employed,0.47,1443.0,7,2327745.0,11.56,45,Auto Loan
22,Male,Married,Master,Unemployed,0.52,2196.0,3,3814389.0,8.68,49,Personal Loan
53,Female,Married,Bachelor,Self-Employed,0.41,1637.0,2,1594987.0,14.71,57,Personal Loan
35,Male,Married,High School,Unemployed,0.57,2215.0,6,2679738.0,7.26,52,Personal Loan
29,Male,Married,High School,Unemployed,0.25,2267.0,4,1280783.0,7.05,40,Personal Loan
48,Male,Married,High School,Unemployed,0.43,2350.0,5,1317974.0,10.68,37,Auto Loan
46,Female,Married,Master,Employed,0.93,2513.0,1,2879409.0,7.59,14,Auto Loan
56,Female,Single,High School,Self-Employed,0.34,1616.0,3,2856068.0,2.37,26,Auto Loan
50,Female,Married,Master,Self-Employed,0.61,1460.0,1,4004414.0,12.45,35,Personal Loan
52,Male,Married,Bachelor,Employed,0.39,1836.0,8,2831958.0,10.76,41,Personal Loan
35,Male,Single,PhD,Employed,0.7,1532.0,3,4545759.0,9.97,38,Personal Loan
31,Female,Married,High School,Self-Employed,0.22,1865.0,5,1224721.0,17.91,45,Auto Loan
50,Male,Married,Master,Self-Employed,0.93,2037.0,1,1423044.0,11.49,28,Auto Loan
52,Male,Married,Master,Self-Employed,0.48,2007.0,6,1204796.0,15.61,39,Personal Loan
63,Female,Married,PhD,Self-Employed,0.32,1537.0,4,1730235.0,5.65,18,Personal Loan
39,Male,Married,PhD,Unemployed,0.15,1249.0,8,2783135.0,11.47,33,Personal Loan
38,Female,Single,High School,Unemployed,0.26,1615.0,8,3099128.0,15.69,46,Auto Loan
51,Male,Single,Bachelor,Unemployed,0.52,1215.0,4,1211364.0,11.64,43,Auto Loan
37,Male,Single,High School,Employed,0.4,2435.0,8,4432143.0,13.37,59,Auto Loan
59,Male,Single,High School,Unemployed,0.75,1497.0,9,3828229.0,9.06,28,Personal Loan
55,Male,Married,High School,Unemployed,0.46,1231.0,7,2076688.0,4.71,36,Auto Loan
40,Female,Married,Master,Unemployed,0.33,1040.0,8,1342137.0,10.12,30,Auto Loan
50,Female,Single,Master,Unemployed,0.59,1936.0,3,1679035.0,9.34,34,Personal Loan
50,Male,Single,High School,Employed,0.65,1922.0,6,1529923.0,15.67,50,Personal Loan
28,Male,Married,Master,Employed,0.26,1490.0,2,1516720.0,7.34,43,Personal Loan
57,Female,Single,High School,Employed,0.26,1111.0,2,2716967.0,17.91,52,Personal Loan
42,Female,Married,Master,Employed,0.09,1586.0,9,1923042.0,17.67,25,Auto Loan
53,Male,Married,High School,Employed,0.67,1450.0,4,2256780.0,7.4,51,Personal Loan
37,Male,Married,High School,Self-Employed,0.62,1988.0,7,4852983.0,8.76,17,Auto Loan
56,Male,Married,Master,Employed,0.49,1872.0,7,3224364.0,16.22,52,Personal Loan
39,Female,Married,High School,Employed,0.77,1523.0,8,4455766.0,17.9,30,Personal Loan
21,Female,Married,Master,Unemployed,0.73,1321.0,9,1585308.0,9.95,29,Personal Loan
57,Male,Married,High School,Unemployed,0.56,2792.0,3,2325894.0,8.41,37,Personal Loan
27,Female,Married,Master,Employed,0.79,1648.0,1,2822687.0,10.95,55,Personal Loan
37,Male,Married,High School,Unemployed,0.29,2007.0,4,1340428.0,12.96,16,Personal Loan
60,Male,Single,Master,Unemployed,0.2,1212.0,2,1020822.0,7.76,31,Personal Loan
60,Male,Married,Bachelor,Employed,0.35,1693.0,1,3178842.0,13.62,50,Personal Loan
44,Female,Married,High School,Employed,0.12,1043.0,4,3087280.0,3.72,32,Personal Loan
46,Male,Married,Master,Self-Employed,0.53,1722.0,7,2407942.0,3.66,24,Personal Loan
41,Male,Married,High School,Self-Employed,0.88,2682.0,5,2633490.0,9.24,33,Personal Loan
36,Male,Single,Master,Unemployed,0.09,1550.0,4,2421243.0,8.83,32,Auto Loan
37,Male,Married,High School,Employed,0.21,1061.0,6,1115231.0,8.33,54,Personal Loan
48,Male,Single,Master,Employed,0.48,1049.0,3,2190718.0,10.52,46,Auto Loan
50,Female,Married,Master,Unemployed,0.87,1556.0,1,1703103.0,8.4,36,Personal Loan
52,Male,Married,PhD,Employed,0.38,1239.0,7,1424625.0,6.56,59,Auto Loan
52,Female,Married,Master,Employed,0.51,1037.0,6,4519314.0,8.25,35,Personal Loan
27,Male,Married,Master,Unemployed,0.1,2130.0,7,2956078.0,18.15,16,Auto Loan
42,Male,Married,Master,Employed,0.24,1654.0,1,3375757.0,9.55,27,Personal Loan
25,Male,Married,PhD,Unemployed,0.97,1419.0,7,2132140.0,9.96,34,Auto Loan
44,Male,Married,Bachelor,Self-Employed,0.92,2463.0,6,2357463.0,11.56,22,Personal Loan
40,Male,Married,High School,Employed,0.01,1176.0,5,1895381.0,18.41,56,Personal Loan
56,Male,Single,Bachelor,Self-Employed,0.9,2650.0,6,1419080.0,7.31,46,Auto Loan
38,Female,Married,Master,Employed,0.6,1453.0,8,1709584.0,12.88,27,Personal Loan
28,Female,Married,Bachelor,Self-Employed,0.79,2430.0,6,3635538.0,13.34,39,Personal Loan
30,Male,Married,Bachelor,Employed,0.48,1868.0,6,3202067.0,11.94,44,Personal Loan
51,Male,Married,High School,Employed,0.52,2277.0,9,2799728.0,4.62,55,Auto Loan
46,Male,Married,Bachelor,Unemployed,0.5,2772.0,7,2591716.0,12.82,52,Auto Loan
28,Male,Single,High School,Employed,0.62,1418.0,5,4264362.0,4.05,37,Personal Loan
27,Male,Single,High School,Self-Employed,0.23,2670.0,6,1324334.0,11.8,47,Auto Loan
48,Female,Married,High School,Employed,0.07,1558.0,4,2028836.0,13.66,38,Personal Loan
26,Male,Married,Bachelor,Employed,0.37,1552.0,3,2233046.0,6.85,38,Personal Loan
53,Male,Married,High School,Unemployed,0.65,1490.0,6,3575359.0,15.22,20,Auto Loan
49,Male,Married,High School,Employed,0.29,1774.0,8,4891408.0,3.1,21,Auto Loan
26,Male,Married,Bachelor,Employed,0.63,1231.0,8,1907022.0,15.26,37,Auto Loan
27,Female,Married,High School,Unemployed,0.93,1793.0,4,3984969.0,10.15,27,Personal Loan
63,Male,Married,High School,Unemployed,0.18,1775.0,5,3776012.0,6.95,13,Personal Loan
38,Male,Married,High School,Self-Employed,0.63,2141.0,3,1856976.0,5.55,45,Personal Loan
38,Female,Married,High School,Self-Employed,0.47,2293.0,9,2375176.0,17.54,14,Personal Loan
53,Male,Married,Master,Employed,0.79,1629.0,9,2404752.0,4.26,40,Personal Loan
60,Female,Married,High School,Unemployed,0.27,1437.0,6,4723094.0,6.66,38,Auto Loan
63,Female,Married,PhD,Employed,0.64,1378.0,7,1715753.0,8.75,57,Auto Loan
50,Male,Single,Bachelor,Unemployed,0.76,1288.0,6,3642227.0,12.1,36,Personal Loan
38,Female,Married,High School,Employed,0.89,1090.0,6,2187281.0,11.17,17,Personal Loan
27,Male,Single,High School,Self-Employed,0.63,1493.0,1,3383590.0,5.39,38,Auto Loan
51,Male,Married,Master,Unemployed,0.51,1393.0,5,2434292.0,7.99,50,Personal Loan
44,Male,Married,Master,Self-Employed,0.59,2692.0,6,2892827.0,7.27,59,Auto Loan
40,Male,Married,High School,Self-Employed,0.79,1799.0,6,3784877.0,6.89,34,Personal Loan
57,Female,Married,High School,Self-Employed,0.55,1499.0,4,3662773.0,9.55,29,Personal Loan
28,Female,Single,Bachelor,Self-Employed,0.08,1833.0,9,3944777.0,13.18,53,Auto Loan
42,Female,Married,High School,Employed,0.87,1210.0,3,1270747.0,6.95,24,Personal Loan
21,Female,Married,High School,Employed,0.64,1634.0,5,3250091.0,8.99,40,Personal Loan
41,Male,Married,Bachelor,Employed,0.63,1904.0,6,1576293.0,9.3,33,Personal Loan
25,Male,Single,Master,Employed,0.3,1698.0,6,2422316.0,18.19,15,Auto Loan
29,Male,Married,High School,Unemployed,0.62,1575.0,6,2804603.0,17.57,31,Auto Loan
28,Male,Single,Master,Unemployed,0.44,2823.0,4,2384925.0,14.55,27,Personal Loan
47,Male,Single,High School,Unemployed,0.61,2408.0,3,2720013.0,7.31,43,Personal Loan
50,Female,Married,Bachelor,Self-Employed,0.19,1900.0,6,4945710.0,4.14,56,Auto Loan
45,Male,Single,Master,Self-Employed,0.62,1816.0,6,1559453.0,8.35,27,Personal Loan
61,Male,Single,Bachelor,Employed,1.0,1896.0,3,3195221.0,7.67,48,Auto Loan
38,Male,Married,PhD,Employed,0.11,1298.0,6,2365638.0,10.7,16,Personal Loan
35,Female,Married,PhD,Employed,0.95,1565.0,5,1551615.0,14.21,38,Personal Loan
55,Female,Married,PhD,Employed,0.45,1062.0,6,1641256.0,15.51,17,Auto Loan
33,Female,Married,Master,Unemployed,0.79,1679.0,7,4458092.0,15.28,55,Personal Loan
61,Male,Married,High School,Unemployed,0.71,1777.0,3,4012687.0,8.91,46,Auto Loan
21,Female,Married,Master,Unemployed,0.55,1334.0,1,4167450.0,12.95,42,Personal Loan
61,Male,Married,Master,Self-Employed,0.68,2682.0,7,4878667.0,8.3,49,Personal Loan
24,Female,Married,Bachelor,Self-Employed,0.8,2491.0,6,1805063.0,3.97,42,Auto Loan
56,Male,Married,High School,Employed,0.44,2067.0,6,2248973.0,13.14,57,Personal Loan
43,Male,Single,PhD,Unemployed,0.39,1762.0,7,3174892.0,2.39,44,Auto Loan
64,Male,Single,Bachelor,Employed,0.62,2381.0,7,2616708.0,9.53,54,Personal Loan
26,Female,Married,PhD,Employed,0.73,1197.0,9,2429661.0,8.52,37,Auto Loan
44,Male,Married,Bachelor,Employed,0.69,2199.0,5,2255830.0,13.03,20,Auto Loan
61,Female,Married,High School,Employed,0.72,1189.0,5,2939181.0,14.04,37,Personal Loan
43,Male,Single,High School,Employed,0.46,2206.0,4,2884563.0,8.18,21,Auto Loan
46,Male,Married,High School,Employed,0.74,1401.0,3,1650531.0,14.73,40,Auto Loan
48,Male,Married,High School,Unemployed,0.21,2400.0,6,2582117.0,8.04,36,Personal Loan
41,Male,Single,Master,Unemployed,0.54,2605.0,4,2818973.0,9.98,41,Personal Loan
46,Male,Single,Bachelor,Employed,0.02,1223.0,8,2868750.0,13.49,12,Personal Loan
45,Male,Single,Bachelor,Employed,0.39,1660.0,6,1810799.0,13.03,24,Personal Loan
57,Female,Single,Master,Self-Employed,0.42,2757.0,6,3424399.0,18.55,36,Personal Loan
24,Male,Married,High School,Employed,0.44,1690.0,4,1120720.0,7.07,56,Personal Loan
35,Female,Married,High School,Self-Employed,0.64,2365.0,1,2247216.0,12.63,32,Personal Loan
60,Female,Married,High School,Unemployed,0.43,1846.0,1,3566707.0,11.97,33,Auto Loan
56,Female,Married,High School,Employed,0.47,1538.0,5,2849765.0,16.62,44,Personal Loan
41,Male,Single,Master,Employed,0.32,1415.0,2,1970020.0,5.95,40,Auto Loan
46,Male,Married,High School,Employed,0.42,1300.0,6,3259812.0,13.84,29,Personal Loan
35,Male,Married,High School,Employed,0.31,2141.0,8,2860143.0,11.46,33,Personal Loan
32,Female,Single,High School,Employed,0.15,1554.0,8,3630387.0,7.78,25,Auto Loan
41,Female,Married,Master,Unemployed,0.58,1730.0,6,3398369.0,10.32,57,Personal Loan
38,Male,Single,Master,Employed,0.62,1703.0,3,2988837.0,8.57,21,Personal Loan
45,Male,Single,Master,Unemployed,0.59,1828.0,8,2629275.0,11.59,31,Personal Loan
26,Female,Married,Master,Unemployed,0.48,2370.0,8,1552227.0,16.09,14,Personal Loan
62,Male,Married,PhD,Employed,0.43,2756.0,3,1970540.0,11.47,25,Personal Loan
63,Female,Married,High School,Employed,0.79,1583.0,7,2431689.0,12.24,47,Auto Loan
48,Male,Married,Master,Employed,0.52,2279.0,4,2955895.0,10.86,24,Personal Loan
43,Female,Married,Bachelor,Employed,0.49,2147.0,7,2702902.0,3.71,18,Auto Loan
36,Male,Married,Master,Unemployed,0.07,1822.0,9,2051562.0,7.18,35,Auto Loan
53,Male,Single,PhD,Employed,0.4,2650.0,1,1032009.0,10.53,12,Personal Loan
48,Female,Married,High School,Unemployed,0.43,1296.0,8,2652466.0,8.26,18,Personal Loan
31,Female,Single,Master,Employed,0.44,1166.0,6,2043908.0,6.39,48,Auto Loan
57,Male,Married,High School,Employed,0.56,2341.0,9,3396881.0,10.68,47,Auto Loan
53,Male,Married,Master,Unemployed,0.53,1627.0,5,1114961.0,8.43,54,Personal Loan
60,Female,Single,High School,Unemployed,0.58,2324.0,8,2912209.0,7.55,50,Personal Loan
49,Female,Married,High School,Employed,0.7,2443.0,2,4397876.0,10.2,43,Personal Loan
46,Female,Married,Master,Employed,0.74,1097.0,4,1694189.0,5.54,16,Personal Loan
40,Female,Married,Master,Unemployed,0.66,2417.0,2,2581858.0,16.91,47,Personal Loan
59,Male,Single,High School,Employed,0.91,1640.0,9,1397848.0,15.68,50,Auto Loan
55,Male,Married,Master,Employed,0.05,1729.0,7,3036828.0,13.22,48,Personal Loan
24,Female,Married,Master,Unemployed,0.28,1905.0,8,2810317.0,5.0,36,Auto Loan
22,Female,Married,High School,Employed,0.02,2544.0,9,2398156.0,14.18,26,Auto Loan
38,Male,Single,Master,Unemployed,0.61,1030.0,2,2725137.0,14.67,50,Personal Loan
53,Male,Single,Bachelor,Unemployed,0.83,1680.0,4,4106007.0,14.07,45,Personal Loan
63,Female,Married,Master,Unemployed,0.32,2006.0,2,1766275.0,5.16,58,Auto Loan
30,Male,Single,High School,Unemployed,0.86,2068.0,3,1108582.0,12.4,22,Auto Loan
45,Male,Married,High School,Unemployed,0.13,2015.0,3,3921108.0,15.1,26,Auto Loan
39,Male,Married,Master,Unemployed,0.87,1203.0,5,2889113.0,11.57,25,Personal Loan
61,Female,Married,PhD,Self-Employed,0.41,1433.0,3,4072655.0,12.43,47,Personal Loan
54,Female,Married,Master,Employed,0.19,1515.0,2,2948757.0,10.13,24,Personal Loan
54,Male,Married,High School,Employed,0.5,2228.0,3,3687721.0,10.98,17,Personal Loan
41,Female,Married,Master,Unemployed,0.34,1405.0,2,2461886.0,3.23,59,Auto Loan
40,Female,Married,Bachelor,Unemployed,0.36,1311.0,9,3452025.0,12.33,14,Personal Loan
35,Male,Single,High School,Employed,0.37,2656.0,7,4204220.0,4.46,49,Auto Loan
25,Female,Married,PhD,Self-Employed,0.73,1014.0,9,2874215.0,9.84,31,Personal Loan
55,Male,Married,PhD,Employed,0.53,2845.0,5,1715399.0,8.03,50,Auto Loan
53,Male,Single,High School,Unemployed,0.38,1988.0,4,1993224.0,11.18,38,Auto Loan
64,Male,Married,PhD,Unemployed,0.58,2281.0,7,1773901.0,5.54,53,Personal Loan
64,Male,Married,High School,Self-Employed,0.66,1427.0,4,1926158.0,13.01,54,Auto Loan
44,Male,Single,Bachelor,Employed,0.35,1023.0,4,2105751.0,14.47,12,Personal Loan
51,Female,Married,Master,Unemployed,0.45,2096.0,3,2823872.0,6.08,18,Personal Loan
59,Female,Married,Master,Employed,0.21,2294.0,2,2921721.0,4.96,27,Auto Loan
54,Female,Married,Master,Employed,0.27,2101.0,3,2452824.0,5.76,42,Auto Loan
34,Male,Single,Bachelor,Employed,0.63,1215.0,4,3005136.0,15.86,52,Personal Loan
41,Male,Married,High School,Unemployed,0.27,2125.0,6,1359499.0,10.97,35,Personal Loan
29,Male,Single,Master,Employed,0.52,2155.0,2,1383794.0,10.23,40,Auto Loan
60,Male,Married,High School,Employed,0.65,1957.0,3,1685555.0,5.01,24,Auto Loan
45,Male,Married,High School,Unemployed,0.19,2150.0,7,2715563.0,12.47,48,Personal Loan
33,Female,Single,High School,Unemployed,0.55,2321.0,2,1823206.0,15.69,57,Auto Loan
47,Female,Married,Master,Unemployed,0.34,1884.0,4,2036891.0,15.0,27,Personal Loan
46,Male,Married,High School,Self-Employed,0.92,1136.0,8,2377981.0,12.17,36,Personal Loan
38,Male,Married,High School,Employed,0.5,1696.0,3,3694888.0,4.32,18,Personal Loan
28,Female,Single,High School,Self-Employed,0.73,1120.0,2,1067724.0,5.13,38,Personal Loan
47,Male,Married,High School,Self-Employed,0.54,1583.0,5,3111193.0,3.66,36,Auto Loan
43,Female,Married,Master,Employed,0.1,1582.0,4,3173781.0,7.54,22,Personal Loan
51,Female,Married,PhD,Employed,0.6,1102.0,5,3640181.0,5.58,34,Auto Loan
43,Female,Single,High School,Employed,0.9,1501.0,7,4334574.0,7.57,30,Personal Loan
54,Male,Married,PhD,Employed,0.58,1169.0,2,1097308.0,9.23,37,Auto Loan
44,Female,Married,Bachelor,Unemployed,0.74,2236.0,6,1624277.0,17.27,39,Auto Loan
44,Male,Married,Master,Unemployed,0.81,2618.0,5,4047963.0,11.97,12,Auto Loan
55,Female,Married,Master,Unemployed,0.31,1112.0,2,2544282.0,15.11,46,Auto Loan
39,Male,Married,Bachelor,Unemployed,0.3,2646.0,6,2851834.0,13.26,44,Personal Loan
29,Male,Married,High School,Employed,0.58,1747.0,4,3154859.0,5.13,31,Auto Loan
23,Male,Married,Master,Self-Employed,0.45,1434.0,5,3207061.0,13.61,16,Auto Loan
50,Male,Single,Master,Employed,0.76,1118.0,2,4327472.0,7.79,46,Personal Loan
46,Female,Single,Master,Self-Employed,0.83,1715.0,5,4951663.0,12.33,56,Auto Loan
49,Female,Married,Bachelor,Employed,0.41,2207.0,4,3345951.0,8.67,26,Personal Loan
33,Female,Single,High School,Self-Employed,0.32,2040.0,7,2048682.0,18.91,30,Personal Loan
29,Male,Married,Master,Employed,0.71,1078.0,1,4013486.0,7.62,24,Auto Loan
21,Female,Single,Master,Employed,0.35,1113.0,5,1226969.0,7.84,39,Personal Loan
38,Male,Married,High School,Employed,0.75,1576.0,5,1877143.0,16.98,22,Auto Loan
45,Female,Married,High School,Unemployed,0.46,1428.0,7,4110654.0,2.92,31,Personal Loan
39,Female,Single,Master,Self-Employed,0.62,1341.0,6,1954837.0,13.08,44,Personal Loan
40,Male,Single,Bachelor,Employed,0.18,1408.0,6,1844331.0,13.47,38,Personal Loan
57,Female,Married,Master,Self-Employed,0.59,2226.0,7,1569735.0,15.14,32,Personal Loan
37,Male,Married,Bachelor,Unemployed,0.48,2553.0,8,3908580.0,18.13,33,Auto Loan
43,Male,Married,Master,Unemployed,0.57,1579.0,4,2663469.0,18.17,38,Personal Loan
51,Male,Married,High School,Self-Employed,0.26,2481.0,5,3193380.0,4.08,12,Personal Loan
39,Male,Married,High School,Employed,0.67,1464.0,7,1902042.0,14.9,18,Personal Loan
46,Female,Married,High School,Employed,0.79,1680.0,9,3482247.0,12.43,52,Personal Loan
55,Male,Single,High School,Self-Employed,0.3,1332.0,8,3489579.0,12.44,18,Auto Loan
60,Male,Married,High School,Self-Employed,0.18,1927.0,4,2123997.0,5.44,44,Personal Loan
30,Female,Married,Bachelor,Self-Employed,0.06,2748.0,3,2407639.0,12.47,54,Auto Loan
58,Female,Married,Bachelor,Self-Employed,0.6,1869.0,5,1809465.0,18.39,27,Auto Loan
42,Female,Married,High School,Employed,0.58,1514.0,7,4705578.0,16.55,31,Auto Loan
34,Female,Married,High School,Self-Employed,0.54,1939.0,5,3099224.0,9.89,39,Auto Loan
41,Female,Married,High School,Employed,0.32,1186.0,5,4347256.0,3.39,52,Personal Loan
62,Male,Single,Master,Self-Employed,0.43,2431.0,7,2096785.0,8.94,55,Personal Loan
42,Male,Single,High School,Employed,0.57,1718.0,4,3573264.0,14.97,45,Auto Loan
37,Male,Married,High School,Unemployed,0.51,1641.0,8,3511587.0,13.14,18,Auto Loan
46,Male,Married,PhD,Unemployed,0.97,1841.0,4,3248771.0,10.14,42,Auto Loan
34,Female,Married,Bachelor,Employed,0.23,1902.0,4,4598318.0,3.81,33,Auto Loan
26,Male,Single,High School,Employed,0.64,1111.0,5,2358633.0,9.74,35,Personal Loan
29,Female,Single,Master,Self-Employed,0.44,1997.0,7,1543443.0,10.26,16,Personal Loan
29,Male,Married,High School,Self-Employed,0.46,1354.0,2,3182989.0,16.93,24,Auto Loan
30,Male,Married,Bachelor,Employed,0.66,2052.0,3,3378066.0,12.36,47,Auto Loan
30,Male,Single,Master,Unemployed,0.64,2267.0,9,2882972.0,8.28,35,Personal Loan
46,Female,Married,High School,Unemployed,0.98,2227.0,3,1800260.0,10.94,29,Auto Loan
31,Female,Married,Bachelor,Employed,0.22,1791.0,5,2676155.0,4.1,32,Personal Loan
37,Female,Single,High School,Employed,0.19,1743.0,6,2122794.0,18.08,50,Personal Loan
57,Male,Single,High School,Self-Employed,0.66,1215.0,5,2455584.0,8.91,46,Auto Loan
41,Female,Married,High School,Unemployed,0.56,2168.0,6,3098009.0,10.36,28,Auto Loan
47,Male,Married,Master,Unemployed,0.35,1395.0,3,3435069.0,8.85,20,Personal Loan
31,Male,Married,High School,Unemployed,0.16,1709.0,5,1880722.0,12.89,27,Personal Loan
32,Female,Married,High School,Employed,0.17,1413.0,4,2392321.0,12.63,54,Personal Loan
24,Male,Married,High School,Employed,0.82,1202.0,6,1994326.0,13.33,39,Auto Loan
31,Female,Married,High School,Employed,0.28,1910.0,2,1773859.0,7.69,37,Personal Loan
35,Male,Single,Bachelor,Employed,0.39,1085.0,6,3579131.0,8.34,40,Auto Loan
31,Female,Single,High School,Unemployed,0.31,2116.0,3,4180860.0,5.38,31,Auto Loan
27,Female,Married,High School,Self-Employed,0.41,1458.0,4,2291659.0,12.54,48,Auto Loan
29,Male,Married,Master,Employed,0.14,1000.0,3,3457233.0,3.39,37,Personal Loan
41,Female,Married,Bachelor,Employed,0.52,1730.0,3,4108415.0,11.82,20,Auto Loan
32,Male,Married,Bachelor,Unemployed,0.14,1073.0,7,3846587.0,15.72,21,Personal Loan
38,Female,Married,Master,Self-Employed,0.73,1401.0,4,1722109.0,16.12,38,Personal Loan
42,Male,Married,High School,Unemployed,0.32,2040.0,8,4515682.0,10.01,55,Personal Loan
48,Male,Single,Bachelor,Self-Employed,0.53,1097.0,9,2310200.0,10.14,29,Personal Loan
23,Male,Married,Master,Unemployed,0.8,2306.0,6,2201985.0,4.36,51,Auto Loan
52,Male,Single,High School,Unemployed,0.61,1006.0,2,1282391.0,12.74,46,Personal Loan
46,Female,Single,PhD,Employed,0.53,1361.0,4,2623517.0,14.89,26,Personal Loan
26,Male,Married,High School,Employed,0.39,2101.0,7,1464397.0,7.35,15,Auto Loan
55,Male,Married,PhD,Employed,0.39,1457.0,4,1931345.0,9.67,19,Personal Loan
58,Male,Single,Bachelor,Unemployed,0.62,1155.0,2,2136783.0,15.18,45,Auto Loan
25,Male,Single,Master,Self-Employed,0.98,1517.0,5,3682133.0,15.86,24,Personal Loan
35,Female,Married,PhD,Self-Employed,0.62,1394.0,8,3991101.0,7.33,31,Personal Loan
52,Female,Married,Bachelor,Employed,0.55,2314.0,7,2094062.0,11.24,36,Auto Loan
50,Male,Married,High School,Employed,0.67,1453.0,3,3906562.0,6.56,45,Personal Loan
32,Female,Single,Master,Employed,0.48,2196.0,6,3899426.0,4.91,20,Personal Loan
33,Female,Married,High School,Employed,0.13,2440.0,3,3507025.0,16.54,33,Personal Loan
38,Male,Married,High School,Unemployed,0.55,1619.0,3,1599753.0,14.87,36,Personal Loan
42,Female,Single,Bachelor,Self-Employed,0.91,2492.0,8,3244323.0,13.95,38,Personal Loan
46,Male,Married,High School,Self-Employed,0.27,1541.0,3,4424828.0,3.64,49,Personal Loan
38,Female,Married,High School,Unemployed,0.64,2682.0,3,3218502.0,15.26,23,Personal Loan
41,Female,Married,Master,Self-Employed,0.29,1137.0,1,2179766.0,9.88,48,Auto Loan
50,Male,Single,Bachelor,Unemployed,0.53,2005.0,8,2664972.0,8.68,43,Personal Loan
23,Female,Married,High School,Employed,0.18,1705.0,7,3099611.0,11.19,38,Personal Loan
34,Female,Married,High School,Unemployed,0.47,1555.0,6,2693822.0,4.69,44,Personal Loan
49,Male,Married,High School,Unemployed,0.69,1915.0,7,1504631.0,13.9,33,Auto Loan
56,Female,Married,Master,Unemployed,0.4,2034.0,3,2122424.0,11.63,21,Auto Loan
43,Male,Married,High School,Employed,0.62,1007.0,5,3655483.0,6.46,42,Auto Loan
43,Female,Married,Master,Employed,0.72,1249.0,4,3919892.0,6.49,37,Auto Loan
28,Female,Married,High School,Employed,0.86,2051.0,2,1566822.0,6.43,41,Personal Loan
41,Male,Single,High School,Self-Employed,0.32,1970.0,5,4483212.0,3.86,30,Personal Loan
43,Male,Single,PhD,Employed,0.44,2691.0,8,2171604.0,11.7,53,Auto Loan
34,Female,Married,High School,Unemployed,0.24,2140.0,1,3152560.0,15.2,39,Auto Loan
35,Male,Married,Master,Unemployed,0.98,2630.0,4,3459242.0,2.67,18,Personal Loan
38,Male,Married,High School,Employed,0.86,2032.0,3,3695226.0,3.65,34,Personal Loan
22,Male,Single,Master,Unemployed,0.53,1432.0,3,4430429.0,11.51,46,Auto Loan
37,Male,Married,Master,Self-Employed,0.76,1161.0,8,2124944.0,14.86,48,Auto Loan
33,Male,Married,High School,Employed,0.52,2181.0,5,3905627.0,8.48,36,Personal Loan
37,Male,Married,High School,Self-Employed,0.59,1933.0,5,1546903.0,8.78,52,Auto Loan
29,Male,Married,High School,Employed,0.17,1075.0,7,3293906.0,11.8,27,Personal Loan
56,Female,Married,Master,Employed,0.69,1517.0,3,3423338.0,7.77,33,Personal Loan
45,Male,Married,Bachelor,Self-Employed,0.22,2653.0,5,3202649.0,2.98,53,Personal Loan
48,Male,Married,Master,Self-Employed,0.75,1714.0,5,1942954.0,13.6,53,Personal Loan
52,Male,Single,Master,Self-Employed,0.71,1618.0,6,3978439.0,12.17,43,Personal Loan
42,Female,Married,High School,Unemployed,0.65,1653.0,9,1675575.0,11.61,51,Auto Loan
27,Male,Married,High School,Self-Employed,0.09,1308.0,7,1245704.0,13.69,18,Personal Loan
43,Male,Married,High School,Self-Employed,0.37,1529.0,4,3336592.0,12.8,51,Personal Loan
45,Male,Married,High School,Self-Employed,0.34,1530.0,7,2592821.0,6.77,29,Personal Loan
50,Female,Married,High School,Unemployed,0.41,1082.0,3,3860537.0,8.81,23,Personal Loan
40,Female,Married,Master,Employed,0.17,2153.0,1,2329505.0,5.4,26,Auto Loan
29,Female,Married,Master,Self-Employed,0.88,1595.0,3,1673622.0,5.47,33,Auto Loan
35,Female,Married,PhD,Employed,0.54,2267.0,4,3802103.0,12.81,27,Auto Loan
38,Female,Married,High School,Unemployed,0.37,2332.0,5,2805547.0,15.52,29,Auto Loan
47,Male,Married,Master,Employed,0.44,1313.0,6,1743111.0,17.79,21,Personal Loan
44,Female,Single,Bachelor,Unemployed,0.47,1955.0,8,3346740.0,12.2,29,Personal Loan
38,Male,Married,Master,Employed,0.58,1674.0,5,2695394.0,6.42,39,Auto Loan
63,Female,Married,High School,Employed,0.52,2408.0,5,2971140.0,4.99,34,Auto Loan
45,Female,Married,High School,Self-Employed,0.85,1318.0,1,2551087.0,14.75,31,Auto Loan
34,Male,Married,High School,Employed,0.51,1989.0,1,3767532.0,11.59,46,Auto Loan
28,Male,Married,High School,Unemployed,0.98,1875.0,5,3771309.0,12.07,52,Auto Loan
30,Male,Married,Bachelor,Employed,0.77,1428.0,5,3308754.0,14.27,46,Personal Loan
34,Female,Single,High School,Employed,0.3,1206.0,7,1450925.0,13.17,30,Personal Loan
31,Female,Married,High School,Employed,0.87,1946.0,3,3813054.0,15.1,45,Auto Loan
32,Female,Married,Bachelor,Unemployed,0.2,2097.0,1,3180724.0,3.84,22,Auto Loan
35,Male,Single,Bachelor,Employed,0.74,1456.0,5,3266772.0,13.77,21,Personal Loan
31,Female,Single,Master,Self-Employed,0.43,1934.0,3,2270764.0,15.38,30,Personal Loan
57,Female,Married,Master,Employed,0.8,1565.0,1,4010984.0,7.94,48,Personal Loan
26,Female,Married,High School,Employed,0.79,2051.0,7,3364188.0,12.35,26,Personal Loan
43,Male,Married,High School,Employed,0.73,1295.0,2,1477644.0,8.32,17,Auto Loan
39,Male,Married,High School,Employed,0.72,2435.0,6,2399335.0,17.66,21,Personal Loan
63,Female,Married,Master,Unemployed,0.37,1417.0,4,4049102.0,3.2,51,Personal Loan
28,Female,Married,PhD,Self-Employed,0.16,1528.0,3,1218300.0,11.6,41,Personal Loan
39,Female,Single,High School,Unemployed,0.44,1090.0,4,4560069.0,6.13,27,Auto Loan
61,Male,Married,Master,Employed,0.26,1170.0,7,3207376.0,13.29,38,Personal Loan
55,Male,Married,High School,Employed,0.64,1737.0,4,3054541.0,6.29,37,Personal Loan
53,Female,Married,Master,Employed,0.4,1390.0,7,1998558.0,7.22,42,Personal Loan
34,Male,Single,High School,Self-Employed,0.94,2297.0,2,1932121.0,10.56,26,Personal Loan
31,Female,Married,High School,Employed,0.6,1023.0,7,4402260.0,16.62,51,Personal Loan
47,Male,Married,Bachelor,Unemployed,0.75,1543.0,3,2081621.0,6.86,29,Personal Loan
58,Male,Married,Master,Employed,0.22,1486.0,6,3548443.0,5.74,43,Auto Loan
44,Female,Married,Master,Employed,0.79,1031.0,5,2357391.0,13.94,13,Personal Loan
44,Female,Married,High School,Employed,0.86,1188.0,8,1573713.0,10.64,31,Personal Loan
35,Male,Married,High School,Employed,0.5,1591.0,4,1052647.0,16.55,31,Auto Loan
51,Male,Married,High School,Unemployed,0.58,1703.0,2,2791888.0,5.78,38,Personal Loan
32,Female,Married,Bachelor,Employed,0.7,1578.0,1,4697444.0,12.42,17,Auto Loan
37,Male,Married,PhD,Unemployed,0.26,1759.0,7,2288503.0,7.18,47,Personal Loan
40,Female,Married,Master,Employed,0.51,1856.0,5,2254042.0,5.96,25,Personal Loan
42,Male,Married,High School,Self-Employed,0.44,1016.0,7,2216086.0,12.9,43,Auto Loan
34,Female,Married,Bachelor,Employed,0.24,1662.0,3,2722718.0,11.77,48,Auto Loan
28,Female,Married,Master,Self-Employed,0.42,2680.0,4,2493271.0,13.88,38,Personal Loan
46,Female,Married,Master,Self-Employed,0.14,1741.0,1,4014345.0,8.25,45,Personal Loan
35,Male,Single,High School,Self-Employed,0.07,1989.0,9,2679230.0,10.0,42,Personal Loan
45,Female,Married,Bachelor,Employed,0.22,1451.0,6,2685692.0,9.48,31,Auto Loan
30,Male,Married,Master,Unemployed,0.92,2165.0,8,1570604.0,18.44,48,Auto Loan
42,Male,Married,Bachelor,Employed,0.54,2163.0,3,4772702.0,8.02,28,Personal Loan
43,Female,Single,Bachelor,Employed,0.92,1745.0,6,1935756.0,8.06,39,Personal Loan
24,Female,Single,High School,Employed,0.46,2734.0,6,1326861.0,8.84,45,Personal Loan
37,Female,Married,Bachelor,Employed,0.38,1190.0,4,3155243.0,11.41,32,Personal Loan
29,Male,Married,Bachelor,Self-Employed,0.51,1027.0,8,2943977.0,7.46,29,Personal Loan
25,Male,Married,High School,Employed,0.47,2158.0,9,2420393.0,16.63,35,Personal Loan
63,Male,Married,High School,Unemployed,0.19,2234.0,8,2440522.0,7.65,49,Auto Loan
37,Female,Single,High School,Unemployed,0.6,1182.0,7,3585729.0,16.22,54,Auto Loan
52,Female,Married,Master,Unemployed,0.3,1387.0,4,1764384.0,4.95,38,Auto Loan
34,Male,Married,High School,Unemployed,0.59,1028.0,4,3730631.0,12.56,42,Personal Loan
48,Female,Single,Master,Employed,0.61,1425.0,9,3109187.0,16.45,53,Personal Loan
51,Male,Single,High School,Unemployed,0.24,2164.0,1,2431318.0,6.17,19,Auto Loan
45,Male,Married,Bachelor,Employed,0.13,1740.0,6,2542881.0,17.95,26,Personal Loan
41,Male,Married,High School,Self-Employed,0.71,1500.0,6,1956232.0,10.06,44,Auto Loan
39,Male,Married,High School,Unemployed,0.48,1533.0,6,3460307.0,17.34,49,Personal Loan
37,Male,Single,Master,Self-Employed,0.13,1002.0,9,2700490.0,12.82,50,Personal Loan
58,Female,Single,Master,Employed,0.99,1434.0,4,2148272.0,8.15,33,Personal Loan
53,Male,Married,High School,Employed,0.12,1937.0,4,2946046.0,6.49,18,Personal Loan
61,Female,Married,High School,Employed,0.64,2726.0,2,4934689.0,8.18,34,Auto Loan
29,Male,Single,High School,Employed,0.96,2324.0,5,2477844.0,4.72,26,Personal Loan
49,Female,Married,Bachelor,Employed,0.32,1037.0,3,4252949.0,5.73,28,Personal Loan
59,Female,Married,Bachelor,Unemployed,0.23,2459.0,4,2218773.0,4.97,47,Personal Loan
31,Female,Single,Master,Employed,0.21,2184.0,7,1250330.0,9.69,18,Auto Loan
26,Male,Married,Bachelor,Unemployed,0.37,2178.0,8,1791979.0,14.48,49,Personal Loan
50,Female,Married,Bachelor,Self-Employed,0.19,1654.0,3,2430534.0,5.69,34,Personal Loan
44,Female,Single,High School,Unemployed,0.64,1569.0,4,1841116.0,5.48,40,Personal Loan
54,Male,Single,PhD,Employed,0.13,1438.0,8,1001137.0,12.39,18,Personal Loan
30,Male,Married,Bachelor,Employed,0.51,1102.0,2,4216501.0,6.63,30,Personal Loan
52,Male,Married,High School,Employed,0.99,1335.0,2,3836148.0,4.82,19,Auto Loan
32,Female,Married,High School,Employed,0.74,1361.0,3,3424475.0,6.14,57,Personal Loan
31,Male,Married,High School,Unemployed,0.59,1691.0,6,1672058.0,16.82,48,Personal Loan
31,Male,Married,High School,Employed,0.37,2114.0,3,1506125.0,14.89,35,Auto Loan
53,Male,Single,Bachelor,Self-Employed,0.59,1676.0,9,1303584.0,8.83,25,Personal Loan
47,Male,Married,Master,Unemployed,0.53,1090.0,5,3359478.0,12.55,55,Personal Loan
43,Female,Married,Bachelor,Unemployed,0.46,2657.0,5,4307174.0,11.08,30,Personal Loan
38,Male,Married,Bachelor,Employed,0.22,2600.0,3,2464348.0,12.82,22,Personal Loan
55,Female,Single,Master,Employed,0.81,2188.0,5,1501672.0,12.89,38,Auto Loan
39,Female,Married,Master,Unemployed,0.47,2809.0,6,2699095.0,12.2,55,Auto Loan
53,Male,Married,High School,Employed,0.28,1779.0,7,2229840.0,7.66,12,Auto Loan
40,Female,Married,High School,Employed,0.42,2677.0,7,2304876.0,3.36,26,Auto Loan
38,Male,Married,Master,Employed,0.45,1117.0,6,3023354.0,10.09,55,Personal Loan
41,Female,Married,High School,Employed,0.75,1525.0,8,3340943.0,16.13,23,Personal Loan
36,Male,Married,High School,Unemployed,0.67,1331.0,7,1470297.0,11.47,20,Personal Loan
50,Female,Married,Bachelor,Employed,0.7,1290.0,7,1167619.0,15.07,39,Personal Loan
42,Male,Married,Master,Unemployed,0.03,1212.0,1,4915522.0,18.69,51,Auto Loan
33,Male,Married,High School,Employed,0.45,1898.0,1,1882296.0,6.08,35,Auto Loan
57,Female,Married,Master,Unemployed,0.5,2180.0,3,1246530.0,13.01,59,Personal Loan
39,Male,Married,Bachelor,Self-Employed,0.05,1830.0,6,1745337.0,12.78,43,Personal Loan
43,Female,Married,High School,Self-Employed,0.34,1221.0,4,1182501.0,18.3,17,Personal Loan
57,Male,Married,High School,Employed,0.69,2242.0,4,2353634.0,18.49,59,Personal Loan
46,Female,Married,PhD,Employed,0.23,1920.0,8,3655507.0,12.95,33,Personal Loan
28,Male,Married,High School,Employed,0.53,1556.0,8,2207813.0,7.34,28,Personal Loan
59,Female,Married,High School,Unemployed,0.3,1983.0,8,2503320.0,14.53,38,Auto Loan
46,Male,Married,Master,Unemployed,0.03,1379.0,4,3195649.0,5.02,29,Auto Loan
37,Male,Married,Bachelor,Unemployed,0.32,1496.0,6,2688975.0,14.26,18,Personal Loan
30,Male,Single,High School,Employed,0.94,2516.0,4,3920028.0,16.52,12,Personal Loan
52,Female,Single,High School,Unemployed,0.73,1421.0,3,3942834.0,9.2,34,Personal Loan
46,Male,Married,High School,Employed,0.91,1671.0,3,1048765.0,12.23,49,Auto Loan
43,Female,Married,PhD,Unemployed,0.5,2435.0,4,3558278.0,9.78,39,Auto Loan
56,Female,Married,High School,Employed,0.2,2041.0,5,2550616.0,9.88,59,Auto Loan
52,Male,Married,Master,Unemployed,0.54,1096.0,7,4844737.0,8.26,28,Personal Loan
30,Female,Married,PhD,Employed,0.48,1221.0,2,2615070.0,13.98,28,Auto Loan
36,Male,Married,High School,Employed,0.77,1012.0,7,4821084.0,17.11,22,Personal Loan
34,Male,Married,PhD,Unemployed,0.18,1912.0,5,3469366.0,17.22,23,Personal Loan
50,Female,Single,PhD,Employed,0.5,1639.0,4,1931545.0,6.27,28,Personal Loan
23,Female,Married,Bachelor,Unemployed,0.24,1203.0,5,2774721.0,15.81,47,Personal Loan
44,Female,Single,High School,Unemployed,0.39,2658.0,4,4886466.0,13.63,53,Auto Loan
51,Male,Single,Master,Unemployed,0.67,1757.0,6,3900880.0,7.47,58,Personal Loan
55,Male,Married,Bachelor,Employed,0.49,1354.0,5,1420607.0,4.13,26,Personal Loan
37,Male,Married,PhD,Employed,0.42,1715.0,3,3298441.0,7.69,52,Personal Loan
53,Female,Married,High School,Unemployed,0.44,1992.0,2,2220406.0,16.56,30,Personal Loan
28,Male,Married,Bachelor,Employed,0.48,1118.0,5,1034540.0,12.26,20,Personal Loan
54,Female,Married,High School,Unemployed,0.71,1399.0,8,2387046.0,13.41,51,Personal Loan
29,Male,Married,High School,Employed,0.82,2233.0,4,1888621.0,7.53,41,Personal Loan
39,Male,Married,Master,Employed,0.91,1656.0,7,3724676.0,13.38,23,Personal Loan
52,Male,Single,Bachelor,Employed,0.71,1782.0,6,2196425.0,3.03,34,Auto Loan
30,Male,Married,Master,Employed,0.38,1618.0,8,3762305.0,9.1,28,Personal Loan
33,Male,Single,Master,Employed,0.64,1069.0,7,1002993.0,12.18,45,Personal Loan
49,Female,Married,PhD,Unemployed,0.47,1248.0,5,2109899.0,5.77,34,Personal Loan
49,Female,Single,High School,Unemployed,0.33,1636.0,6,1908556.0,14.91,59,Auto Loan
47,Male,Married,Master,Employed,0.76,1309.0,8,1884917.0,7.21,16,Auto Loan
48,Male,Married,High School,Self-Employed,0.09,1078.0,4,1305951.0,12.5,31,Personal Loan
43,Male,Single,High School,Unemployed,0.83,2316.0,4,1736313.0,9.48,36,Personal Loan
34,Female,Married,Master,Self-Employed,0.48,2758.0,1,2825098.0,11.8,36,Auto Loan
37,Male,Married,PhD,Unemployed,0.6,2204.0,7,2061048.0,5.03,29,Auto Loan
31,Female,Married,Master,Unemployed,0.62,2340.0,7,2426819.0,2.65,45,Auto Loan
57,Male,Married,Bachelor,Employed,0.82,1354.0,2,2310747.0,16.51,51,Auto Loan
45,Male,Married,High School,Employed,0.6,2668.0,6,3993269.0,7.71,55,Auto Loan
39,Female,Single,High School,Employed,0.58,1291.0,5,4156989.0,14.86,48,Personal Loan
41,Male,Married,Master,Unemployed,0.14,2632.0,2,2643018.0,18.98,50,Personal Loan
60,Female,Married,High School,Employed,0.52,2828.0,9,2175500.0,6.86,38,Auto Loan
30,Male,Single,High School,Unemployed,0.24,2048.0,3,1456155.0,7.65,49,Auto Loan
45,Male,Married,Master,Employed,0.67,2758.0,2,4491555.0,12.64,29,Personal Loan
42,Male,Married,High School,Self-Employed,0.52,1816.0,6,1273276.0,17.87,32,Auto Loan
46,Female,Single,High School,Employed,0.63,1379.0,7,2079772.0,16.64,29,Personal Loan
22,Female,Married,Master,Employed,0.1,1624.0,1,2081008.0,10.67,35,Personal Loan
55,Male,Married,Master,Employed,0.16,1853.0,6,2146942.0,14.47,28,Auto Loan
59,Female,Married,PhD,Employed,0.66,1113.0,5,1660136.0,5.58,57,Personal Loan
44,Male,Married,Master,Employed,0.15,1898.0,2,3578244.0,18.23,29,Personal Loan
48,Male,Married,Master,Unemployed,0.15,2758.0,3,1513874.0,17.84,19,Personal Loan
58,Male,Married,PhD,Employed,0.03,1282.0,5,3065572.0,6.08,37,Personal Loan
49,Male,Single,Bachelor,Employed,0.91,2203.0,4,1518754.0,8.12,16,Personal Loan
30,Male,Married,High School,Self-Employed,0.67,2486.0,9,1315470.0,4.88,20,Personal Loan
44,Female,Married,High School,Employed,0.41,2604.0,7,4181939.0,7.74,25,Personal Loan
45,Male,Single,Master,Self-Employed,0.37,2666.0,9,1746167.0,14.8,35,Auto Loan
40,Male,Married,Master,Self-Employed,0.41,1745.0,3,3734935.0,9.14,34,Auto Loan
50,Male,Single,Bachelor,Employed,0.7,2740.0,9,2792984.0,4.62,48,Personal Loan
59,Female,Married,Bachelor,Employed,0.62,2133.0,5,1344796.0,8.68,45,Auto Loan
58,Female,Single,Master,Employed,0.27,1242.0,4,4508572.0,18.35,33,Personal Loan
41,Male,Married,PhD,Unemployed,0.26,1680.0,1,1926479.0,12.22,30,Personal Loan
28,Male,Married,Master,Unemployed,0.18,2060.0,1,3911189.0,9.61,29,Personal Loan
63,Male,Married,High School,Unemployed,0.62,1362.0,6,1675412.0,6.13,47,Auto Loan
54,Male,Married,Bachelor,Unemployed,0.7,1928.0,5,3883570.0,18.51,16,Auto Loan
29,Male,Single,High School,Employed,0.34,1970.0,3,1064703.0,14.88,13,Personal Loan
58,Male,Married,Bachelor,Self-Employed,0.06,1243.0,6,2697323.0,7.87,48,Personal Loan
55,Male,Married,PhD,Unemployed,0.16,1810.0,3,3525193.0,4.19,35,Personal Loan
43,Male,Single,Master,Unemployed,0.93,2161.0,6,4349051.0,3.85,21,Personal Loan
45,Male,Married,Master,Self-Employed,0.37,1712.0,4,4180552.0,5.29,26,Personal Loan
39,Female,Married,Master,Unemployed,0.7,1019.0,7,3727924.0,11.61,55,Personal Loan
25,Female,Married,High School,Employed,0.59,1014.0,7,4059017.0,16.93,51,Auto Loan
37,Female,Married,High School,Employed,0.43,1513.0,5,1775764.0,10.59,44,Personal Loan
52,Male,Married,Master,Employed,0.29,2543.0,4,2039589.0,15.25,36,Auto Loan
20,Male,Single,Bachelor,Employed,0.21,1336.0,4,2053905.0,9.98,37,Auto Loan
37,Male,Married,Master,Self-Employed,0.59,1918.0,7,2311285.0,13.24,58,Personal Loan
39,Female,Married,High School,Employed,0.7,1327.0,4,2357960.0,13.56,57,Auto Loan
43,Male,Single,Master,Unemployed,0.61,1464.0,3,2792762.0,6.26,25,Auto Loan
58,Female,Married,Bachelor,Unemployed,0.53,2326.0,2,1645157.0,8.93,48,Personal Loan
37,Female,Married,Master,Employed,0.1,2079.0,5,3247405.0,12.31,24,Personal Loan
37,Male,Married,Master,Self-Employed,0.93,1146.0,5,1671222.0,4.21,25,Auto Loan
50,Female,Married,Bachelor,Self-Employed,0.72,1612.0,7,2117247.0,8.93,43,Personal Loan
41,Male,Married,Master,Unemployed,0.36,1046.0,3,2672950.0,11.05,33,Personal Loan
33,Male,Married,Master,Employed,0.95,1686.0,4,3631185.0,18.86,55,Personal Loan
41,Male,Married,Bachelor,Employed,0.58,1963.0,7,3414294.0,10.32,18,Auto Loan
30,Male,Single,High School,Employed,0.56,1180.0,7,3099008.0,14.8,37,Auto Loan
31,Female,Married,PhD,Employed,0.68,1419.0,4,1631112.0,9.81,54,Auto Loan
42,Male,Single,High School,Unemployed,0.74,1569.0,5,2800070.0,14.49,53,Personal Loan
40,Male,Married,High School,Self-Employed,0.61,2522.0,4,1382466.0,11.79,22,Personal Loan
58,Female,Married,Bachelor,Unemployed,0.22,2819.0,8,2312174.0,16.04,31,Personal Loan
38,Female,Married,High School,Self-Employed,0.4,1070.0,2,2415738.0,9.55,41,Auto Loan
45,Male,Single,Bachelor,Unemployed,0.86,2140.0,8,1186250.0,11.9,22,Personal Loan
46,Female,Married,Bachelor,Employed,0.31,1533.0,6,2008922.0,12.22,57,Personal Loan
21,Female,Married,Bachelor,Self-Employed,0.42,1562.0,5,4510263.0,9.63,54,Personal Loan
47,Male,Single,PhD,Employed,0.46,2127.0,1,4493451.0,5.74,23,Personal Loan
31,Male,Married,High School,Self-Employed,0.47,2519.0,5,2239966.0,4.73,20,Auto Loan
61,Male,Single,Bachelor,Employed,0.58,2630.0,4,1200606.0,2.64,18,Auto Loan
30,Female,Married,High School,Employed,0.89,1828.0,3,1709794.0,15.79,53,Auto Loan
40,Female,Single,Master,Self-Employed,0.32,1513.0,6,2354800.0,7.23,24,Personal Loan
27,Female,Single,Bachelor,Unemployed,0.21,2193.0,9,4446271.0,6.86,33,Auto Loan
64,Male,Married,High School,Self-Employed,0.29,1367.0,5,1580550.0,13.61,34,Auto Loan
42,Male,Married,Master,Self-Employed,0.81,1808.0,6,3502747.0,8.39,40,Personal Loan
45,Male,Married,Master,Employed,0.61,1515.0,2,1463166.0,10.7,17,Auto Loan
26,Male,Single,Master,Unemployed,0.36,1954.0,5,4756110.0,6.06,26,Personal Loan
50,Female,Married,PhD,Employed,0.74,1352.0,2,2324393.0,17.71,55,Auto Loan
33,Female,Married,High School,Unemployed,0.78,1284.0,6,3547399.0,15.4,53,Auto Loan
57,Male,Married,Master,Unemployed,0.77,2518.0,9,2211727.0,15.61,47,Auto Loan
32,Male,Married,Bachelor,Employed,0.85,1155.0,6,3042998.0,9.5,13,Personal Loan
32,Male,Married,Master,Unemployed,0.33,1722.0,2,1752338.0,13.99,30,Personal Loan
23,Male,Married,High School,Unemployed,0.69,1325.0,4,1597407.0,5.73,41,Personal Loan
41,Male,Married,Master,Employed,0.48,1061.0,5,4372652.0,2.35,28,Personal Loan
44,Male,Married,High School,Self-Employed,0.76,1057.0,4,4233298.0,2.76,53,Auto Loan
25,Male,Married,High School,Unemployed,0.67,1261.0,7,4055052.0,11.68,41,Auto Loan
51,Male,Married,Bachelor,Self-Employed,0.71,2373.0,7,3036057.0,10.09,17,Auto Loan
41,Male,Single,Master,Employed,0.61,1410.0,6,3679803.0,10.85,53,Personal Loan
43,Male,Single,PhD,Employed,0.27,2629.0,4,1309403.0,2.3,56,Auto Loan
40,Female,Married,Bachelor,Unemployed,0.54,1835.0,3,2189020.0,9.69,18,Auto Loan
39,Male,Married,Master,Employed,0.96,1623.0,2,2127252.0,13.37,37,Auto Loan
44,Female,Married,High School,Self-Employed,0.88,1832.0,4,3067885.0,9.94,29,Personal Loan
30,Male,Married,Master,Employed,0.1,1738.0,4,2250472.0,13.56,32,Personal Loan
31,Male,Married,High School,Unemployed,0.25,2135.0,6,1606046.0,7.18,23,Personal Loan
55,Male,Married,PhD,Unemployed,0.22,1410.0,6,2947309.0,14.76,39,Auto Loan
60,Male,Married,High School,Employed,0.67,1507.0,2,3705532.0,11.7,56,Auto Loan
38,Female,Single,High School,Employed,0.74,2446.0,4,2325848.0,6.85,36,Auto Loan
35,Male,Married,Master,Unemployed,0.3,2614.0,3,1548976.0,7.24,18,Personal Loan
47,Female,Married,High School,Unemployed,0.51,2442.0,3,1767554.0,12.19,41,Personal Loan
39,Female,Married,High School,Employed,0.76,1599.0,7,1897121.0,15.03,30,Auto Loan
22,Male,Single,Master,Self-Employed,0.67,2178.0,1,2086446.0,9.61,50,Auto Loan
30,Male,Married,High School,Employed,0.54,1680.0,5,3090356.0,7.55,34,Auto Loan
49,Female,Married,High School,Employed,0.57,1710.0,3,2960894.0,15.67,24,Auto Loan
47,Male,Married,High School,Unemployed,0.51,1302.0,8,3263596.0,12.72,24,Personal Loan
22,Female,Married,Bachelor,Employed,0.37,1849.0,5,2269377.0,10.0,46,Auto Loan
33,Male,Married,Master,Self-Employed,0.55,1276.0,3,3746860.0,10.48,27,Auto Loan
33,Male,Married,Master,Employed,0.64,1478.0,5,1791482.0,6.75,46,Personal Loan
47,Male,Married,Master,Employed,0.8,2343.0,7,2574387.0,12.18,25,Personal Loan
22,Male,Married,High School,Employed,0.6,1306.0,9,3649504.0,8.89,30,Personal Loan
28,Female,Married,PhD,Unemployed,0.69,1110.0,3,1713323.0,18.84,35,Personal Loan
52,Male,Single,High School,Unemployed,0.25,1107.0,8,1467551.0,10.39,55,Auto Loan
31,Female,Married,Master,Unemployed,0.48,2593.0,8,4034488.0,10.46,55,Personal Loan
47,Male,Single,Bachelor,Employed,0.03,1724.0,8,2212711.0,11.43,25,Personal Loan
34,Male,Married,Bachelor,Employed,0.33,1585.0,6,3222895.0,16.66,31,Personal Loan
28,Male,Married,High School,Self-Employed,0.67,2242.0,6,1121406.0,14.56,22,Personal Loan
34,Male,Married,High School,Employed,0.98,2298.0,4,3243402.0,10.04,37,Personal Loan
49,Male,Married,Bachelor,Self-Employed,0.18,1479.0,7,2134309.0,13.37,35,Auto Loan
54,Male,Single,High School,Employed,0.44,2016.0,5,1254565.0,11.68,53,Personal Loan
53,Female,Single,Bachelor,Self-Employed,0.73,2160.0,6,2987934.0,10.54,54,Personal Loan
39,Male,Married,Bachelor,Employed,0.29,1951.0,5,1907435.0,6.56,32,Personal Loan
47,Male,Married,Bachelor,Unemployed,0.54,1227.0,7,2339289.0,10.19,36,Personal Loan
32,Female,Married,High School,Employed,0.67,2396.0,7,1355581.0,7.37,53,Personal Loan
36,Female,Married,Bachelor,Employed,0.59,1771.0,2,1601381.0,16.62,48,Personal Loan
56,Male,Married,Master,Employed,0.28,1410.0,7,2080744.0,8.59,12,Auto Loan
21,Male,Married,Bachelor,Employed,0.41,1607.0,5,1391432.0,17.51,29,Auto Loan
27,Female,Single,High School,Employed,0.71,1059.0,8,4190503.0,11.03,33,Personal Loan
33,Female,Married,High School,Unemployed,0.54,1193.0,5,1029966.0,12.24,26,Personal Loan
22,Male,Single,High School,Unemployed,0.02,2149.0,4,2616873.0,11.15,24,Auto Loan
31,Male,Single,High School,Unemployed,0.69,1000.0,8,1516589.0,5.46,15,Auto Loan
45,Female,Single,Master,Unemployed,0.09,1595.0,3,2109485.0,9.11,41,Personal Loan
40,Male,Married,PhD,Unemployed,0.68,1746.0,8,4288501.0,4.85,27,Auto Loan
56,Female,Married,High School,Employed,0.29,1085.0,5,1651337.0,12.13,16,Auto Loan
53,Male,Married,Bachelor,Employed,0.91,2721.0,5,4600108.0,9.99,26,Auto Loan
37,Female,Married,High School,Employed,0.42,1332.0,4,1796972.0,14.22,48,Personal Loan
34,Male,Married,High School,Self-Employed,0.39,1440.0,6,3421851.0,6.99,50,Personal Loan
38,Male,Single,High School,Employed,0.24,1440.0,4,2798989.0,6.1,36,Personal Loan
45,Female,Single,High School,Employed,0.37,1338.0,1,4038778.0,9.49,33,Auto Loan
35,Male,Single,PhD,Unemployed,0.8,1002.0,4,2820510.0,16.88,58,Auto Loan
46,Male,Single,High School,Employed,0.99,2080.0,1,2763513.0,13.26,24,Personal Loan
39,Male,Married,Master,Self-Employed,0.42,2694.0,9,1763556.0,9.65,25,Auto Loan
44,Male,Married,Master,Self-Employed,0.47,1330.0,9,1666708.0,10.84,28,Auto Loan
40,Male,Married,PhD,Employed,0.66,1964.0,4,4225913.0,4.53,23,Auto Loan
36,Female,Married,High School,Employed,0.81,2103.0,7,2168726.0,18.45,32,Auto Loan
60,Male,Single,High School,Employed,0.57,2327.0,4,2296985.0,12.68,53,Auto Loan
51,Male,Married,High School,Unemployed,0.43,1604.0,6,3488899.0,7.93,40,Personal Loan
30,Male,Married,Master,Employed,0.45,1438.0,7,2200771.0,11.67,33,Auto Loan
55,Female,Married,High School,Unemployed,0.64,1469.0,9,4480565.0,5.07,55,Auto Loan
42,Female,Married,Bachelor,Unemployed,0.01,2050.0,4,3408756.0,17.88,16,Personal Loan
56,Male,Married,Master,Employed,0.59,2255.0,7,2950223.0,6.27,25,Personal Loan
52,Male,Single,Master,Employed,0.41,1270.0,3,4019554.0,12.45,39,Auto Loan
40,Female,Married,Master,Unemployed,0.72,1532.0,9,1228612.0,7.37,40,Personal Loan
22,Male,Married,High School,Employed,0.17,2469.0,1,1957503.0,13.36,15,Auto Loan
35,Female,Married,Master,Self-Employed,0.57,2233.0,6,2562925.0,14.2,33,Personal Loan
43,Female,Married,PhD,Employed,0.49,2776.0,6,1864278.0,12.77,42,Personal Loan
46,Female,Married,Bachelor,Unemployed,0.6,2127.0,6,3430315.0,12.03,44,Personal Loan
34,Male,Single,Bachelor,Self-Employed,0.14,1563.0,2,4243328.0,16.16,41,Personal Loan
30,Female,Married,Bachelor,Self-Employed,0.56,1849.0,9,2445029.0,4.4,29,Auto Loan
54,Female,Married,High School,Employed,0.55,1961.0,3,2210395.0,8.54,19,Personal Loan
63,Female,Married,High School,Employed,0.55,1121.0,6,4561260.0,7.41,34,Personal Loan
43,Male,Married,High School,Unemployed,0.58,1779.0,3,2505230.0,18.57,21,Personal Loan
31,Male,Married,High School,Employed,0.63,2044.0,4,2631777.0,9.28,56,Personal Loan
35,Male,Married,High School,Employed,0.73,1250.0,5,2238006.0,13.57,35,Personal Loan
22,Male,Married,Master,Self-Employed,0.35,2179.0,5,4182666.0,12.92,29,Auto Loan
58,Female,Single,Master,Employed,0.75,1838.0,3,2864791.0,6.87,46,Personal Loan
28,Male,Married,Bachelor,Employed,0.51,2635.0,3,3497705.0,7.27,36,Personal Loan
44,Male,Married,Bachelor,Employed,0.15,1066.0,5,3694638.0,7.87,29,Personal Loan
35,Male,Married,PhD,Unemployed,0.13,1387.0,7,2209571.0,9.55,48,Personal Loan
44,Female,Married,High School,Unemployed,0.39,1866.0,8,2473367.0,7.2,51,Personal Loan
47,Female,Single,High School,Employed,0.71,1430.0,2,3857588.0,2.75,43,Personal Loan
53,Male,Single,Master,Employed,0.65,2053.0,4,2271551.0,15.9,16,Auto Loan
32,Male,Married,High School,Employed,0.72,2136.0,2,3621069.0,17.87,39,Auto Loan
21,Male,Single,High School,Unemployed,0.52,1156.0,1,4394272.0,8.67,46,Auto Loan
29,Female,Single,High School,Employed,0.47,1734.0,6,3029168.0,8.63,21,Personal Loan
57,Female,Single,High School,Self-Employed,0.24,1727.0,6,3422072.0,2.29,26,Personal Loan
55,Female,Married,Master,Employed,0.39,1530.0,3,3666625.0,12.86,52,Personal Loan
45,Male,Married,Master,Self-Employed,0.46,2566.0,3,3841534.0,14.95,13,Auto Loan
45,Female,Married,Master,Employed,0.17,2279.0,1,2362924.0,5.78,46,Auto Loan
47,Male,Single,Master,Unemployed,0.31,2023.0,7,1235667.0,6.01,35,Personal Loan
31,Female,Married,High School,Employed,0.57,2053.0,9,2382455.0,14.4,34,Personal Loan
58,Male,Married,High School,Employed,0.67,1659.0,2,3189666.0,12.05,12,Auto Loan
40,Female,Married,High School,Self-Employed,1.0,2527.0,3,2520936.0,3.53,49,Auto Loan
39,Male,Married,High School,Self-Employed,0.87,2018.0,8,3448740.0,12.13,31,Auto Loan
43,Female,Married,Bachelor,Employed,0.6,2079.0,8,2253435.0,8.25,38,Auto Loan
24,Female,Single,Bachelor,Unemployed,0.45,2360.0,5,3065063.0,9.02,43,Auto Loan
31,Male,Married,Master,Unemployed,0.6,1399.0,1,1733997.0,14.09,44,Personal Loan
50,Male,Single,High School,Self-Employed,0.71,2234.0,1,3450227.0,14.72,56,Auto Loan
27,Female,Married,Master,Employed,0.21,1289.0,6,2796109.0,9.42,37,Auto Loan
45,Male,Married,Master,Unemployed,0.45,1497.0,4,1791407.0,17.38,33,Auto Loan
34,Male,Married,Master,Employed,0.76,1483.0,1,2062689.0,9.49,56,Personal Loan
39,Male,Married,Master,Employed,0.43,2746.0,6,3447443.0,14.13,41,Personal Loan
35,Female,Married,Master,Self-Employed,0.56,2347.0,1,2613259.0,10.44,29,Personal Loan
38,Male,Married,Master,Employed,0.57,2030.0,7,1829686.0,16.26,21,Personal Loan
49,Male,Married,Bachelor,Employed,0.27,2076.0,4,4613546.0,16.47,50,Auto Loan
36,Male,Single,High School,Unemployed,0.41,1805.0,1,3328491.0,4.6,31,Personal Loan
44,Male,Married,Bachelor,Unemployed,0.39,2616.0,6,4522839.0,17.11,42,Personal Loan
41,Female,Married,High School,Employed,0.07,1708.0,4,2454552.0,14.96,35,Auto Loan
47,Female,Married,High School,Employed,0.06,1545.0,9,2591746.0,14.42,24,Personal Loan
59,Female,Married,PhD,Self-Employed,0.75,1244.0,5,4113927.0,6.69,40,Personal Loan
50,Male,Married,PhD,Employed,0.35,2190.0,4,2735807.0,14.63,17,Personal Loan
33,Female,Married,High School,Unemployed,0.52,2089.0,6,3301537.0,15.37,33,Auto Loan
23,Male,Married,Master,Unemployed,0.37,1551.0,4,1942518.0,7.98,38,Personal Loan
35,Male,Married,High School,Employed,0.88,1040.0,8,2510583.0,17.51,34,Auto Loan
45,Female,Married,Master,Self-Employed,0.34,2305.0,4,1517321.0,3.67,46,Personal Loan
24,Female,Single,Bachelor,Unemployed,0.46,1018.0,5,1797569.0,5.84,49,Auto Loan
42,Female,Married,PhD,Employed,0.8,2034.0,1,1004720.0,11.08,47,Personal Loan
45,Female,Married,Master,Unemployed,0.76,2709.0,5,1183851.0,11.55,15,Personal Loan
37,Male,Single,High School,Unemployed,0.28,1625.0,7,4713162.0,12.41,24,Personal Loan
51,Male,Married,Master,Unemployed,0.73,1345.0,7,1912239.0,2.66,38,Personal Loan
28,Female,Married,High School,Self-Employed,0.48,2036.0,3,3155774.0,17.73,55,Personal Loan
26,Male,Married,PhD,Employed,0.5,2255.0,3,3814175.0,3.53,49,Personal Loan
49,Male,Married,Bachelor,Employed,0.22,1782.0,7,2810696.0,5.72,50,Personal Loan
42,Female,Married,Master,Employed,0.16,2695.0,8,1622076.0,2.55,29,Personal Loan
48,Female,Married,High School,Employed,0.67,1080.0,2,3373851.0,11.44,34,Personal Loan
40,Male,Single,High School,Employed,0.51,1721.0,5,2958785.0,17.01,35,Personal Loan
34,Female,Single,High School,Self-Employed,0.47,2060.0,4,3384938.0,12.68,22,Auto Loan
53,Female,Married,Bachelor,Unemployed,0.67,2362.0,8,3526352.0,14.91,14,Auto Loan
52,Female,Married,Master,Unemployed,0.7,1267.0,2,4693639.0,2.52,56,Personal Loan
48,Male,Married,High School,Unemployed,0.25,2219.0,3,2878507.0,11.14,26,Personal Loan
35,Male,Married,Master,Self-Employed,0.58,1791.0,7,2208966.0,10.14,26,Auto Loan
45,Male,Married,Bachelor,Employed,0.22,1567.0,1,3108291.0,10.62,18,Personal Loan
38,Male,Married,High School,Self-Employed,0.69,1199.0,5,1306983.0,4.25,54,Auto Loan
27,Male,Married,Bachelor,Employed,0.61,2369.0,5,4110720.0,12.92,39,Personal Loan
58,Male,Married,Bachelor,Self-Employed,0.91,1235.0,4,1502548.0,10.67,42,Auto Loan
29,Male,Single,PhD,Unemployed,0.14,1448.0,4,2168740.0,14.03,53,Personal Loan
60,Female,Married,High School,Employed,0.12,1421.0,5,3711318.0,10.45,30,Auto Loan
41,Male,Single,High School,Unemployed,0.36,2385.0,3,2949869.0,5.83,41,Personal Loan
